id,tweet,emotion,offensive,dialect,confidence
312,"HASHTAG horas más sin electricidad antecedidas por 2 noches completas sin electricidad... somos un pueblo humillado cansado, se quema HASHTAG HASHTAG asilos, en menos de 4 horas ya HASHTAG tiene 400 millones para recuperar su joya eclesiastica. Pero nosotros estamos peor peor",anger,0,venezuelan,high
457,"Poli Rincón, en USER sobre el incendio de HASHTAG: ""Qué bonita está, me recuerda a las Fallas""  URL",others,0,venezuelan,high
532,"HASHTAG En menos de dos meses el tiempo (o el destino) ha vivido trágicos espectáculos impactados con estupor; una yuxtaposición inverosímil entre quema de ayuda humanitaria en Venezuela,  URL",others,0,venezuelan,high
631,"Esto es el chavismo. Impresionante documental. Aviso, hay imágenes muy duras.Ánimo,  URL",surprise,0,venezuelan,high
632,"USER.@bbcmundo el presidente interino de HASHTAG USER no se ""AUTOPLOCLAMÓ"". Él el legítimo presidente de Venezuela de acuerdo a la Constitución. El único ilegítimo usurpador es HASHTAG que debe irse porque el pueblo quiere una HASHTAG",anger,0,venezuelan,high
633,Amamos USER Estamos al lado del pueblo venezolano y maduron. HASHTAG  URL,joy,0,venezuelan,high
634,"Mucha fuerza a mis amigos venezolanos, a sus familiares y a todo el pueblo de HASHTAG. Es un día histórico, se ha desatado una tormenta tras la que vendrá después la calma. Estamos con ustedes.",joy,0,venezuelan,high
637,"HASHTAG En HASHTAG estamos seguros de que actualmente, y durante más de 15 años, agentes del régimen cubano han estado reprimiendo en HASHTAG. Esbirros que golpean y encarcelan en las calles y prisiones de Cuba,  están en Venezuela y otros miles han pasado por este país",sadness,0,venezuelan,high
639,"MIENTRAS en las calles de  HASHTAG  HASHTAG  las Tanquetas Militares de la ""GUARDIA NACIONAL"" de USER -èsta es BOLIVARIANA- PERO CREADA CON LAS MISMAS INTENCIONES QUE LA DE HASHTAG  Tratan de detener las MANIFESTACIONES ¡ATROPELLANDO CIVILES!  HASHTAG HASHTAG HASHTAG  URL",anger,0,venezuelan,high
643,Ánimo HASHTAG USER este es el régimen que apoyan?? USER esta es la revolución de Venezuela USER fuera!!! USER  URL,anger,0,venezuelan,high
644,🙏Venezuela ya está lista y la veré renacer 💛💙❤. HASHTAG,joy,0,venezuelan,high
646,USER Mucho animo y coraje al pueblo venezolano. HASHTAG HASHTAG,joy,0,venezuelan,high
648,"Venezuela Está Como la Chica Que Te Halaga en la Mañana y Cuando Le Intentas Caer al Final del Día, Te Dice Que Te Ve Como Amigo /// Los Mismos Sentimientos /// Que Quieren Que Les Diga, Sigo Enamorado de HASHTAG",sadness,0,venezuelan,high
652,USER Para mi siempre será un placer enorme escuchar a Don USER Mil gracias por buscar la manera de mantenernos informados y no dejarse amedrentar por los que quieren tenerlo en silencio...  Dios lo bendiga HASHTAG  HASHTAG 🇻🇪,joy,0,venezuelan,high
655,"""Aquí seguimos, en esta mierda, pero con ganas de limpiarnos el culo"". Anónimus Maracuchus. HASHTAG",anger,1,venezuelan,high
661,Lo único que puedo decir es FUERZA VENEZUELA🙏🙏 Vamos Bien!!! HASHTAG HASHTAG HASHTAG USER 💕💕💕💕,joy,0,venezuelan,high
663,"Es absurdo que muchos pongan el pretexto que EEUU está pendiente de HASHTAG por el petróleo....¡GENTE EL MUNDO ENTERO ESTA AL TANTO DE VENEZUELA, ALLÍ ESTA SUCEDIENDO UNA CARNICERÍA Y MILES DE INJUSTICIAS!",anger,0,venezuelan,high
664,"Venezolanos por favor, ahora más unidos que nunca, no dejen la calle sola. Llegó el fin de tantos años de miseria, sigan en la calle HASHTAG",fear,0,venezuelan,high
666,En HASHTAG se están inmolando para ser una república libre del dictador Maduro y acá estamos pensando en que vuelva la aliada nro 1 de Maduro. USER. Desde qué lógica se puede entender? Qué pais! HASHTAG,anger,0,venezuelan,high
667,USER Me acaba de llegar un mensaje de uds (que no autoricé pero ese no es el problema) dicen sin empacho que «hubo un levantamiento militar en HASHTAG» ¿ Por que mienten? Hubo un levantamiento del USER y del delincuente Leopoldo ¿Por qué engañan?,anger,1,venezuelan,high
673,"Esto de hoy debió venir junto a la HASHTAG. La calle hace su trabajo. Los militares hacen su extracción. Pero no, otra vez , otra cagada. Todo esto para que Leopoldo y su familia se asilaran mientras los q atropello la tanqueta están graves. HASHTAG HASHTAG  URL",anger,0,venezuelan,high
674,¡NO LO PERDONÓ! Capriles carga contra Maduro por estallar a un docente que exigió mejoras salariales: Qué trate de vivir él con sueldo de maestro HASHTAG HASHTAG   URL,surprise,0,venezuelan,high
675,HASHTAG y HASHTAG son dos pueblos hermanos que nadie hará romper su amistad y el que piense hacerlo está muy equivocado HASHTAG HASHTAG 🇨🇺❤️🇻🇪  URL,joy,0,venezuelan,high
680,"HASHTAG tiene problemas serios ,y para muestra que muchos venezolanos emigrando para que su familia pueda comer ,y un gobierno que habla puras tonterias ,siempre culpando a otros ellos no tienen culpa de nada",anger,1,venezuelan,high
681,"No quiero ser pesimista, pero mañana Nicolás Maduro saldrá bailando salsa en alguna tarima  HASHTAG HASHTAG",sadness,0,venezuelan,high
684,Esto no va a terminar bien. Salva a Venezuela! ❤️🇨🇴 HASHTAG HASHTAG  URL,sadness,0,venezuelan,high
685,"Que si uno se emociona por estas acciones en Venezuela Sí, 👍🏼 que podemos cantar victoria y celebrar antes de sacar o matar al dictador No. 👎🏼 HASHTAG 🇻🇪 Hay que continuar apoyando a USER está arriesgando el todo por el todo. Es nuestro país coño!",anger,1,venezuelan,high
688,"Cada minuto que pasa sin que Maduro hable en público (un tuit no vale), es una señal de que el golpe le está haciendo daño al régimen dictatorial. Si hubiese fracasado, el fanfarrón que lleva dentro ya habría salido a luz HASHTAG HASHTAG",anger,0,venezuelan,high
690,"Maduro no será lo que sea, es un DICTADOR. Y no es un golpe de estado cuando no hay una autoridades legítimamente instituidas. Maduro robo elecciones y usurpó el poder en HASHTAG  URL",disgust,1,venezuelan,high
691,USER HASHTAG ¡Bravo Guaidó! ¡Más hombres como tú!,joy,0,venezuelan,high
693,El secretario de la USER pide “evitar la violencia”... y para cuando pedirá al régimen de Maduro q se largue y no siga asesinando al pueblo de HASHTAG?  URL,anger,0,venezuelan,high
694,Así los militares de la dictadura de Maduro asesina en las calles con sus tanquetas al pueblo venezolano. HASHTAG Fuerza HASHTAG HASHTAG  HASHTAG El HASHTAG fue parcial en argentina! 💪  URL,anger,0,venezuelan,high
697,"Maduro es un dictador y estas son acciones para recuperar la vida y dignidad en HASHTAG. La izquierda más rancia lloriquea, empezando por USER; que demuestra su talante autoritario y su inmoralidad violenta. Dan asco quienes se hacen tontos ante la crisis! USER  URL",anger,0,venezuelan,high
698,¿Donde está HASHTAG? Los tristes acontecimientos que se están desarrollando en HASHTAG deben suponer el fin definitivo del dictador y la liberación del pueblo venezolano. El comunismo no es la solución. Evitemos derramamiento de sangre.,sadness,0,venezuelan,high
701,"Mientras que el aire del chavismo siga levantando a muchos venezolanos (por las razones que sea), podrá haber 100 golpes de Estado y aún así ganarían aquellos que representen lo poco que quede de la Revolución Bolivariana. El diálogo es la solución, no la guerra. HASHTAG  URL",sadness,0,venezuelan,high
702,Que esta pasando!! Los venezolanos estas sufriendo..  😢😢😢Oremos por Venezuela..    Espero que todo esto termine 😣😣  USER  HASHTAG,sadness,0,venezuelan,high
710,"HASHTAG serás libre de la opresión de este gobierno, Venezuela será libre.",joy,0,venezuelan,high
711,"Es que el lío no es solo enfrentarse al ejercito Venezolano que claramente le rinde fidelidad al régimen. El verdadero lío es que tras eso están los colectivos, el ELN, las FARC 2.0, Los Rusos y Los Cubanos. HASHTAG  URL",anger,0,venezuelan,high
712,El periódico USER insinuando que Leopoldo López es un cobarde. Es indigno y refleja que la extrema izquierda bolivariana tiene muchos aliados HASHTAG  URL,disgust,0,venezuelan,high
714,"USER USER USER USER USER Todos los cubanos que hay en HASHTAG contratados desde Chávez,  ninguno a perdido su acento y tampoco se ocultan.",disgust,1,venezuelan,high
716,Alguien que me diga si ya apareció Maduro? Ya está en Cuba o sigue diciendo mentiras de la felicidad de HASHTAG?,disgust,0,venezuelan,high
717,"Dios querido, protege a Venezuela y a todos sus habitantes,y a todas las personas en el planeta tierra. Mi corazón se rompe cuando veo todo el sufrimiento y la desesperación de un país.  HASHTAG  USER USER USER USER USER USER  URL",sadness,0,venezuelan,high
724,"USER Al parecer hoy será un día definitivo, varios militares se han revelado en contra de la dictadura de Nicolás Maduro y la oposición esta unida!!! Esperamos a HASHTAG Además, tengo familia allá que seguramente esta arriesgando la vida por su patria!!!",fear,0,venezuelan,high
725,Esto es algo que no se puede permitir. No más violencia en Venezuela. Apoyo total a HASHTAG y a su presidente USER HASHTAG  URL,anger,0,venezuelan,high
729,El periódico USER ya da por fracasado el levantamiento militar... parece que a Maduro no lo saca nadie. HASHTAG  URL,sadness,0,venezuelan,high
730,"Maduro demoró días en hablar sobre el apagón que oscureció y asesinó a HASHTAG en marzo, de verdad esperan que aparezca pronto ante esta situación???",disgust,0,venezuelan,high
731,Chávez sigue siendo un gran problema para HASHTAG y USER desde la tumba y junto al pueblo le demuestra al HASHTAG que HASHTAG no se rinde ante las advercidades del acoso bloque miserable impuesto para quebrantar las bases de la HASHTAG el HASHTAG USER..!,anger,1,venezuelan,high
733,USER que sigue ahora. Los venezolanos queremos salir de esta pesadilla. Abajo las cadenas de la opresión. HASHTAG,anger,0,venezuelan,high
734,¡DEBE VERLO! “Me quiero morir”: La frustración de un joven venezolano que fue a ver “Avengers: Endgame” en el cine y se fue la luz (+Fotos + Reacciones) HASHTAG HASHTAG   URL,others,0,venezuelan,high
737,"Un verdadero demócrata Maduro mandando los blindados a atropellar manifestantes. Y el dictador es USER... sí, claro. Sres defensores de los DDHH, dejen de ser tan forros!! HASHTAG HASHTAG HASHTAG",anger,0,venezuelan,high
740,Guaido: Te voy a acusar con mi mama! HASHTAG HASHTAG  HASHTAG  URL,others,0,venezuelan,high
742,"Asi esta Maduro de cagado, Venezuela sera libre HASHTAG HASHTAG USER USER  URL",others,1,venezuelan,high
746,"El desespero de USER con el fracaso del golpe de estado en HASHTAG lo llevó a amenazar a HASHTAG con ""bloqueo total y completo"". No acepta que el pueblo venezolano desinfló a Guaidó. Miente al decir que nuestros médicos (60% mujeres) son soldados. Resistir y vencer.  URL",anger,0,venezuelan,high
749,Vergonzosas tus palabras. Sois cómplices. HASHTAG 🇻🇪🇻🇪🇻🇪  URL,anger,0,venezuelan,high
751,"USER USER El pueblo de HASHTAG ha sabido hacer frente a las agresiones del imperialismo y salir nuevamente victorioso 💪ante este intento de Golpe de Estado, ese es el pueblo de Bolivar y Chavez y e HASHTAG  siempre estará a su lado. HASHTAG.",joy,0,venezuelan,high
755,Para qué van a la embajada donde los venezolanos exiliados están manifestando pacíficamente a gritarles a favor de Maduro? HASHTAG,anger,0,venezuelan,high
756,". A ESTA HORA NOS LLEGA POR EL PERIODISTA 👇👇👇👇👇👇👇👇👇👇👇👇👇👇👇👇... USER•  •  •  •  •Santa Fe, Caracas. 7:15pm. Personas siguen en la calle.......... HASHTAG🇻🇪…  URL",others,0,venezuelan,high
762,La banda al parecer encuentra difícil aceptar que Maduro👨🏻 es un dictador y al mismo tiempo que lo de hoy es un intento de golpe de Estado. La pregunta es... ¿Es moralmente aceptable dar un golpe de Estado contra un dictador? Utilitarismo vs Imperativo categórico. HASHTAG,others,0,venezuelan,high
763,"HASHTAG otra escalación de violencia: ejercito contra seguidores de USER. Es suficiente el apoyo de las Fuerzas Armadas contra Maduro??? Sin fragmentar los poderes fácticos y sobre todo el poder de los militares, no se puede dar una paso hacia la democracia  URL",sadness,0,venezuelan,high
773,"Si se trata de apoyar golpes de Estado, la derecha es especialista. De qué se sorprenden? HASHTAG  HASHTAG  HASHTAG",anger,0,venezuelan,high
774,HASHTAG Cámaras de televisión captaron el momento en que una tanqueta militar arrolla a un grupo de manifestantes opositores que protestaban en Caracas.  URL,others,0,venezuelan,high
775,HASHTAG El principal opositor del chavismo pidió asilo en la Embajada de Chile en Caracas  URL  URL,others,0,venezuelan,high
779,⚠️ HASHTAG HASHTAG Miles de venezolanos acudieron al Palacio de Miraflores y sus alrededores.  El HASHTAG se movilizó una vez más contra el fallido golpe de Estado. HASHTAG HASHTAG HASHTAG HASHTAG HASHTAG HASHTAG  URL,others,0,venezuelan,high
783,"USER USER Adicionalmente ignorante de la situación real de HASHTAG, a los usurpadores no se le dan golpes de estado. Lo que está sucediendo en Venezuela hoy, es una rebelión en contra de USER.  Fin.",anger,0,venezuelan,high
785,HASHTAG: que “dictador” más raro es Nicolás Maduro  URL vía USER,surprise,0,venezuelan,high
800,"La entrevista al Secretario de Estado de los Estados Unidos, Mike Pompeo USER, donde revela que HASHTAG convenció a Maduro de quedarse en el poder cuando éste estaba listo para retirarse el día de hoy. Tenía un avión esperándolo con destino a la Habana. HASHTAG HASHTAG  URL",others,0,venezuelan,high
805,"A ésto le llaman ""democracia""? Repudio total al régimen de Maduro. Aún no puedo creer que este Gobierno insista en mirar para el costado y guardar silencio. Los DDHH de los venezolanos no valen anda a caso? HASHTAG  URL",disgust,0,venezuelan,high
806,HASHTAG defiende las conquistas populares contra los ataques de los Vendepatria...  URL,anger,1,venezuelan,high
807,"HASHTAG 7:18pm un grupo de muchachos juegan al fútbol en el Bulevar de la Sabana Grande. ¿normalidad? Mientras tanto, seguimos esperando el pronunciamiento de USER que hablará en sus redes sociales según informó su equipo de prensa. HASHTAG HASHTAG  URL",others,0,venezuelan,high
810,"Nadie dijo que sería fácil, pero aquí estamos el pueblo entero respaldándolos, definitivamente la esperanza no nació para morir. VAMOS VENEZUELA!!! HASHTAG HASHTAG USER USER",joy,0,venezuelan,high
816,"La Derecha quiso imponerse a la fuerza y otra vez el pueblo venezolano no se lo permitió, fueron derrotados nuevamente. La única salida es a través del diálogo y elecciones transparentes. HASHTAG",others,0,venezuelan,high
819,"Hoy levantemos nuestras manos en oración por Venezuela, por todas las familias afectadas, y por la paz en esta hermosa nación 🇻🇪.“El Señor le da fuerza a su pueblo; el Señor lo bendice con paz.” Salmos 29:11 NTV. HASHTAG HASHTAG",joy,0,venezuelan,high
823,Canciller venezolano respondió a Piñera: “No es extraño ver al adorador de Pinochet apoyando golpes de Estado”  URL  URL HASHTAG  HASHTAG,others,0,venezuelan,high
825,Los republicanos españoles con la República Bolivariana de HASHTAG  HASHTAG y el pueblo venezolano. Nuestro pleno apoyo y solidaridad. Manifestamos nuestro rechazo a la impresentable posición del Gobierno Español que está alentando el golpismo en el país hermano.,others,0,venezuelan,high
828,Que esta foto le de la vuelta al mundo. Así se encuentra el pueblo patriota resguardando el Palacio de Miraflores en respuesta al nuevo intento de Golpe de Estado en HASHTAG. HASHTAG HASHTAG USER USER  URL,others,0,venezuelan,high
836,HASHTAG  ONU instó a todos los “bandos” en HASHTAG🇻🇪 a evitar “cualquier tipo de violencia”  URL,others,0,venezuelan,high
924,HASHTAG‼¡Impactante!⚠ Policías y militares en HASHTAG arrojaron bombas lacrimógenas contra miles de manifestantes que atendieron el llamado de Guaidó [@jguaido] URL,surprise,0,venezuelan,high
926,"Mi alma sufre la situación de HASHTAG, Patria que asumió a familiares adorados.  Como ciudadana lamento esta salida, prefiero las herramientas democráticas. Dios guarde el pueblo venezolano.",sadness,0,venezuelan,high
927,"Yo solo imagino a Maduro como una pelota rebotando entre rusia, cuba y china. HASHTAG",others,0,venezuelan,high
930,VENEZUELA 🇻🇪 Isaías 62:4 Nunca más te llamarán «La ciudad abandonada ni La tierra desolada Tu nuevo nombre será La ciudad del deleite de Dios. HASHTAG,others,0,venezuelan,high
931,Es una pena Venezuela. Pero así debía ser. Es la única manera. HASHTAG,sadness,0,venezuelan,high
932,HASHTAG activa plan contra grupos irregulares en estado de Táchira  URL,others,0,venezuelan,high
938,"En HASHTAG, se registran enfrentamientos entre militares leales al presidente venezolano, Nicolás HASHTAG, y opositores al gobierno de ese país.➡️  URL HASHTAG  URL",others,0,venezuelan,high
944,¿Cuánta mierda pueden tener en la cabeza los que apoyan la dictadura de Maduro? ¿No se dan cuenta de su ignorancia y completa falta de empatía? Que vergüenza... HASHTAG,anger,1,venezuelan,high
949,¡ESCUCHA MADURO! Militares de HASHTAG estarán atentos a posibles llamados en las próximas horas.  URL HASHTAG HASHTAG,others,0,venezuelan,high
951,Pompeo dice que Maduro estaba listo para dejar a Venezuela HASHTAG HASHTAG HASHTAG HASHTAG HASHTAG HASHTAG  URL  URL,others,0,venezuelan,medium
961,Independientemente de la ideología o las preferencias... HASHTAG HASHTAG 🙌 lo que libre signifique para cada venezolano y que así sea. 🇻🇪,others,0,venezuelan,high
963,"Es muy doloroso que el 99% de las declaraciones de los civiles que hoy protestan, sean padres que se ahogan en llanto, cuando les preguntan: ¿por qué luchan? Y su respuesta es porque no quiero que mi hijo se vaya, y/o porque quiero que mi hijo regrese. HASHTAG",sadness,0,venezuelan,high
965,PALABRAS DE UNO DE LOS MANIFESTANTES ATROPELLADO POR RÉGIMEN DE MADURO 🤬🤬🤬🤬 HASHTAG  HASHTAG HASHTAG🇻🇪 HASHTAG HASHTAG  URL,others,0,venezuelan,high
968,"Ajá, ¿Dónde están los que decían que Guaidó USER no le echaba bo...? Ahí esta echándole un camión. Ahora hay que acompañarlo y apoyarlo hasta el final, hasta que salgan Maduro y sus secuaces. HASHTAG",anger,0,venezuelan,high
975,Venezolanos muestran su apoyo a Guaidó en Guatemala para echar a Maduro.  URL HASHTAG,others,0,venezuelan,medium
978,¿Llega el fin de la pesadilla de USER? En un vídeo publicado por USER se ve al líder opositor USER acompañado por militares armados en la principal base de HASHTAG. Lea la noticia completa aquí:  URL  URL,others,0,venezuelan,high
981,El Sr Trump cree las mentiras que sus subordinados involucrados en HASHTAG le cuentan para justificar sus fracasos: Entienda de una vez  que HASHTAG no tiene tropas en territorio venezolano pero no cree en amenazas.  URL,anger,0,venezuelan,high
984,"HASHTAG tuvo un golpe de estado entre 1948 y 2002, ¿será que se aproxima un segundo? Te contamos que es un golpe de estado y que otros países han sufrido uno.      URL",others,0,venezuelan,high
986,Constituyentista dice que en los barrios de HASHTAG🇻🇪 están “regalando” dólares  HASHTAG 📹    URL,others,0,venezuelan,high
987,"Así se mantuvo la vigilia en Palacio de Miraflores en apoyo a USER, tras intento de HASHTAG en HASHTAG.  URL",others,0,venezuelan,high
992,"HASHTAG| El opositor Leopoldo López, abandona la intentona golpista y se refugia en la embajada de HASHTAG, dejando a USER, solo; situación que confirma un HASHTAG y el posicionamiento de USER y USER.  URL",others,0,venezuelan,high
1000,"¡AY, POR FAVOR! Seguidores de Maduro marchan este HASHTAG para celebrar la salida del régimen de la OEA (+Fotos) HASHTAG HASHTAG   URL",anger,0,venezuelan,high
1001,"Soñaban con entregar HASHTAG al imperio,bajo una lógica de avaricia, saqueo. En su locura,la ultraderecha se relamía los bigotes,  Trump apuntaba ya en agenda de campaña pero qué claridad del pueblo venezolano y qué ejemplo de ejercicio político nos han dado HASHTAG  URL",others,0,venezuelan,high
1004,USER Que mal eres chavista? ! Por pensar así no vas a salir de pobre ajajaj.  HASHTAG HASHTAG,others,0,venezuelan,high
1010,La Patria no se negocia: No al golpe en Venezuela HASHTAG USER  USER  USER  USER  USER  USER  URL,others,0,venezuelan,high
1013,HASHTAG || USER: Los países de la Alianza Bolivariana para los Pueblos de Nuestra América (ALBA-TCP) rechazan de manera contundente los intentos de violentar el orden constitucional de HASHTAG HASHTAG USER USER USER  URL,others,0,venezuelan,high
1014,Si la cosa esta normal por que no sale Maduro? HASHTAG USER,others,0,venezuelan,high
1015,USER HASHTAG HASHTAG  resistan amigos venezolanos ánimo saludos desde HASHTAG 🇲🇽🇲🇽🇲🇽,others,0,venezuelan,high
1018,HASHTAG Comunicadores/as y Movimientos Sociales de América Latina y el Caribe  condenamos intento de golpe en la República Bolivariana de HASHTAG  URL,others,0,venezuelan,high
1021,"Quiero tomarme unos minutos para pedirle a Dios ,al universo y ala vida que Venezuela sea libre y bendecida! HASHTAG",joy,0,venezuelan,high
1022,"Es impresionante ver cómo entre Venezolanos se quitan la vida, Dios mío ampáralos. HASHTAG",fear,0,venezuelan,high
1024,"¡AJÁ, CUÉNTAME MÁS! Iris Varela asegura que otros países piden ayuda al régimen para “mejorar” sus servicios penitenciarios HASHTAG HASHTAG   URL",others,0,venezuelan,high
1025,Suman 69 heridos en protestas en HASHTAG La señal de noticias USER dejó de transmitirse en la televisión venezolana en momentos en las que cubrían las manifestaciones de la capital.➡️  URL  URL,others,0,venezuelan,high
1027,"Completamente derrotados, los golpistas' en HASHTAG, dice Cabello  URL  URL",others,0,venezuelan,high
1032,Cuál es el afán de tentar a los demonios de la violencia en HASHTAG?! En HASHTAG aún no aprendemos las lecciones de la tiranía que sufrimos.,anger,0,venezuelan,high
1033,"entiendo que no te guste la política de HASHTAG, pero lo que da impotencia es qe aquellos que quieren a HASHTAG es solo por intereses económicos y les da igual que el pueblo se mate entre sí, con tal de poder disponer el poder del petróleo",sadness,0,venezuelan,high
1039,USER USER USER 📞🎙📻 HASHTAG a Ronny Rodríguez Rosas Periodista venezolano de USER charlando en USER sobre las manifestaciones y la liberación de HASHTAG en HASHTAG con su posterior asilo en la embajada chilena. La nota 👇🏽 URL,others,0,venezuelan,high
1041,Militares Venezolanos a favor del Presidente de HASHTAG USER.  URL,others,0,venezuelan,high
1042,Esto es una tiranía de un régimen débil e incapaz HASHTAG  URL,anger,0,venezuelan,high
1045,"HASHTAG🇻🇪Por todos los fallecidos en protestas, por todos los fallecidos por hambre, por todos los fallecidos por falta de medicamentos, por todos los que tuvieron que abandonar su hogar y por todos los que nos hemos levantado aún con lágrimas en los ojos.",sadness,0,venezuelan,high
1052,Maduro ordena masacrar a su propio pueblo: una tanqueta militar arrolla a los manifestantes🇻🇪  URL,others,0,venezuelan,high
1054,HASHTAG | Durante las protestas en HASHTAG en contra del régimen de Nicolás Maduro USER con todos los detalles en USER  URL,others,0,venezuelan,high
1056,. VENEZUELA Live USER Jornada de tensión y enfrentamientos en HASHTAG HASHTAG HASHTAG…  URL,fear,0,venezuelan,high
1058,"Curiosamente los turcos tuiteando a favor del dictador Maduro, no se les entiende ni 💩 pero ahí están en la etiqueta HASHTAG cuánto les pagarán?",anger,0,venezuelan,high
1060,"HASHTAG Corresponsal de Vpitv en el estado Zulia, USER, fue agredida por comunistas  colectivos de delincuentes quienes destrozaron su vehículo. HASHTAG  HASHTAG HASHTAG HASHTAG HASHTAG HASHTAG",others,0,venezuelan,high
1062,"Cabello dice que están ""completamente derrotados los golpistas"" en Venezuela  URL HASHTAG 🇻🇪  URL",others,0,venezuelan,high
1068,"URL no mucho decían que en HASHTAG se comía 3 veces al día y qe reinaba la paz social. Tanta comida/paz social no habrá cuando al menos la mitad del pueblo venezolano se levanta contra su líder,quien se perpetua en el poder cambiando la ley a su antojo",others,0,venezuelan,high
1072,La HASHTAG llamó a Maduro y a Guaidó a «evitar cualquier violencia» en HASHTAG  URL,others,0,venezuelan,high
1073,HASHTAG 🇻🇪 Trump mete presión a Maduro   URL  URL,others,0,venezuelan,high
1077,Pompeo dice que Maduro estaba listo para dejar HASHTAG y HASHTAG🇷🇺 lo impidió...  URL  URL,others,0,venezuelan,high
1083,"""Un socialismo mal enfocado que llevó al pueblo de HASHTAG a limites inhumanos. La cantidad de delitos, que las personas que hicieron esto tiene que enfrentar internacionalmente es lo que hace que sigan apoyando el régimen de HASHTAG"", dice Reyes - HASHTAG",others,0,venezuelan,high
1085,"HASHTAG, que ha respaldado a USER, deploró los ""métodos violentos de confrontación"" de la ""oposición radical"" en HASHTAG e instó a resolver la situación en el país sudamericano ""mediante un proceso negociador responsable sin condiciones previas""  URL",others,0,venezuelan,high
1087,"HASHTAG, a 3 hs de suelo USA Esto es solo Venezuela? no suena a crisis de los misiles?",others,0,venezuelan,high
1088,Todo mi apoyo y admiraciónVALIENTES de la HASHTAG en HASHTAG! Pronto TODOS HASHTAG sin censura!  HASHTAG  HASHTAG🇻🇪  URL,joy,0,venezuelan,high
1090,Mi más grande apoyo a todos aquellos Venezolanos que salieron a las calles a defender el honor de su patria. Valar Morghulis HASHTAG,joy,0,venezuelan,high
1092,HASHTAG HASHTAG | No hay golpe en HASHTAG🇻🇪... Se trata de una insurrección ciudadana contra la dictadura de HASHTAG.,others,0,venezuelan,high
1093,HASHTAG: Tanques militares arrolla a manifestantes opositores en Venezuela (VIDEO)..  URL,others,0,venezuelan,high
1094,USER unidos con Guaido..... acompañarlo.... Fuerza y Fe..... HASHTAG,joy,0,venezuelan,high
1098,HASHTAG vence a Maduro; así fue el estreno de HASHTAG en HASHTAG 🇻🇪  URL,others,0,venezuelan,high
1101,Y toda vida dice el Pendejo de Maduro que no hay repuestos en su gobierno HASHTAG  URL,anger,1,venezuelan,high
1103,Mi opinión sobre HASHTAG es que uno es un un dictadorcillo de poca monta y el otro un payaso simulando dar un golpe y mientras tanto el pueblo matándose entre ellos. Que la  dejen de hacer el ridículo la izquierda defendiendo a maduro y la derecha a guaido,disgust,1,venezuelan,high
1104,Esto pasa en HASHTAG Mi repudio al Dictador USER y una urgente intervención del USER y USER  HASHTAG cobija a los hermanos venezolanos. Triste y terrible.  URL,others,0,venezuelan,high
1107,"Mañana primero de mayo Venezuela se concentra en la mayor manifestación de repudio y rechazo al usurpador Maduro. Hoy pensó irse, hay que terminar de convencerlo. Adelante!! HASHTAG",disgust,0,venezuelan,high
1108,"Diosdado Cabello dice que están ""completamente derrotados los golpistas"" en HASHTAG  URL HASHTAG HASHTAG  URL",others,0,venezuelan,high
1112,¡ATENTOS! Guaidó denuncia que el Sebin persigue a su entorno: “Es evidente que el régimen tiene pánico” HASHTAG HASHTAG   URL,others,0,venezuelan,high
1115,"HASHTAG. Los ""analistólogos"" de algunos medios deberían entender que HASHTAG y el régimen chavista en general sólo podrían ser removidos militarmente, sin intervención foránea, si la oposición tuviera la suficiente masa crítica militar operativa. Hoy no la tuvo...  URL",others,0,venezuelan,high
1116,El líder opositor Leopoldo López solicitó protección como huésped en la embajada de Chile en Caracas HASHTAG HASHTAG  URL  URL,others,0,venezuelan,high
1117,"HASHTAG | Después del llamado de Guaidó al golpe, Maduro aseguró que su gobierno cuenta con la lealtad de los jefes militares y convocó al pueblo venezolano a movilizarse.  URL  URL",others,0,venezuelan,high
1119,"Fuerza al pueblo de HASHTAG no bajen los brazos yo confio en que el Presidente USER los librara de la dictadura de maduro y con la ayuda de leopoldolopez esto se puede lograr,…  URL",joy,0,venezuelan,high
1120,"No entiendo a los ""opositores demócratas"" que han inmolado (quemado vivos) a más de 80 simpatizantes chavistas desde que empezaron las protestas, apoyadas por EEUU.¿Te solidarizas igual con Palestina? Allá hasta detienen a niños las fuerzas de ocupación israelí... HASHTAG  URL",anger,0,venezuelan,high
1122,"No fue un golpe de estado en HASHTAG, simplemente fue para camuflar la salida de Leopoldo y Guaidó del país por la vía del asilo político!",others,0,venezuelan,high
1125,"Quieres que las circunstancias cambien; pero, ¿qué estás haciendo para lograrlo? No se trata de quejarse, Jesús quiere que seas influencia y trabajes por Venezuela. No caigas en la desesperanza, atrévete a creer por tus sueños y por los de tu nación. ¡Oremos por HASHTAG! 🇻🇪❤️  URL",joy,0,venezuelan,high
1130,guaidó ha cruzado todas las líneas rojas. Sus acciones irresponsables y criminales causan siempre desgracias personales. La cárcel es el lugar para los golpistas que atacan a la democracia venezolana HASHTAG,anger,0,venezuelan,high
1134,USER Cuando los rusos intervienen no veo a ningún socialista del siglo 21 defendiendo la soberanía de la patria de la que tanto les gusta hablar. Todos son cómplices de la situación inhumana en Venezuela. HASHTAG HASHTAG,anger,0,venezuelan,high
1135,"Si creen que desde los medios de comunicación y con el apoyo de gobiernos arrodillados darán un golpe de Estado en HASHTAG no entienden nada o sólo se trata de una ofensiva más contra el Gobierno Venezolano, obstáculo para apropiarse de sus recursos naturales.",others,0,venezuelan,high
1137,"Es imposible no llorar con estas imágenes, lloro de alegría, al ver a un pueblo que se levante ante la tiranía. ¡No desistas hermano Venezolano! Gracias a tu lucha desde hoy ya nada será igual en HASHTAG -…  URL",joy,0,venezuelan,high
1141,"Para que lo de Venezuela se considere golpe de estado, tienen que poner urnas? O cómo va esto? HASHTAG",others,0,venezuelan,high
1143,"Que difícil entender la posición de HASHTAG respecto a HASHTAG luego de ver cómo la tanqueta pasaba por encima de varios manifestantes en Caracas, video que ha dado la vuelta al mundo... HASHTAG HASHTAG",others,0,venezuelan,high
1148,El pueblo de guaicaipuro no abandona la lucha. 4:25 múltiples detonaciones en la redoma y la Mata en Los Teques. Se vive una ambiente de tensión en los alrededores. HASHTAG,others,0,venezuelan,high
1152,"Si no aceptan una revolución popular violenta ¿Por qué si un golpe de Estado en Venezuela? Hipocresía ideológica liberal, socialdemócrata y reformista del mundo entero. La lucha de clases, ni la historia han acabado HASHTAG HASHTAG HASHTAG HASHTAG",anger,0,venezuelan,high
1153,"Imagínense que hoy fuese el día, que este fuese el momento de volver a gritar juntos: ""Gloria al bravo pueblo"" 🇻🇪 HASHTAG HASHTAG HASHTAG",joy,0,venezuelan,high
1156,"Gracia maestro USER hermosa letra ""Si Pudiera"" la cual tocó mis fibra y no pude aguantar las ganas de llorar, se la dedico con el alma a mi amada HASHTAG a ella que con amor nos vio nacer y nosotros que aún habitamos en ella oramos por la justicia divina y la paz.  URL",others,0,venezuelan,high
1157,USER No seas ridículo. El golpe lo vienen haciendo Chavez y Maduro. Dictadores. Al fin Venezuela se animó a liberarse! HASHTAG,anger,0,venezuelan,high
1159,HASHTAG nació para SER LIBRE! En toda Venezuela hoy la gente en la calle resteada con el Presidente USER: USER  URL,joy,0,venezuelan,high
1160,HASHTAG Tanquetas militares arrollan a manifestantes en Caracas |VIDEO ► URL  URL,fear,1,venezuelan,high
1162,"Los venezolanos que salieron del país están atento lo que pasa en el país.... deseando tanto regresar al país con una venezuela libre y reconstruir nuevamente nuestra  amada República, debemos estar atento y con calma y no caer en rumores HASHTAG HASHTAG",others,0,venezuelan,high
1163,Pobre gente de venezuela solo peleando con sus manos y piedras como en la prehistoria . HASHTAG HASHTAG,sadness,0,venezuelan,high
1168,"HASHTAG: ""Maduro estaba listo para irse a HASHTAG esta mañana pero HASHTAG lo detuvo"": USER. ""Tenía un avión en una pista"", afirmó a USER.  URL",others,0,venezuelan,high
1181,"Debemos entender que Venezuela está en una situación donde ya no hay buenas soluciones. Es triste la derrama de sangre actual.  La revolución es dolorosa y  pasada la última década, que ultimadamente condujo a este día, hay pocas opciones. Y todas son dolorosas HASHTAG",sadness,0,venezuelan,high
1188,HASHTAG El momento en el que tanques chavistas avanzan sobre manifestantes en plena marcha de Guaidó  URL,others,0,venezuelan,high
1192,"Nuestra Nación, Venezuela tiene un alma que ¡Vaya que le falta amor!¿Cómo le doy amor a mi país en tiempos de crisis? USER nos tiene la respuesta aquí: URL HASHTAG HASHTAG HASHTAG HASHTAG HASHTAG",others,0,venezuelan,high
1193,"AHORA | Aquí el Comunicado del Grupo de Lima sobre la situación en HASHTAG. ""Conminan a Maduro a cesar la usurpación"", se declaran en sesión permanente, y deciden reunirse de manera presencial el próximo viernes 3 de mayo, en la ciudad de Lima, Perú.  URL",others,0,venezuelan,medium
1195,HASHTAG Miles de Venezuelanos se reúnen en Miraflores para manifestar su apoyo con el gobierno de Maduro.  URL,others,0,venezuelan,high
1201,HASHTAG Cuánta falta nos hace un líder espiritual en este momento... Dios ayude a Venezuela.  URL,sadness,0,venezuelan,high
1202,Atentos a lo que pasa en HASHTAG. Todo puede pasar HASHTAG HASHTAG 🇻🇪,surprise,0,venezuelan,high
1204,HASHTAG HASHTAG HASHTAG Bolton: En Venezuela no hay un golpe de Estado  URL,others,0,venezuelan,high
1209,"USER USER Fracasó de manera rotunda el intento de HASHTAG en HASHTAG. Ganaron las instituciones, la soberanía y la democracia frente a la intervención militar extranjera. El pueblo venezolano quiere y exige paz y bienestar, y merece la solidaridad de los pueblos del mundo.",others,0,venezuelan,high
1214,"Manifestantes venezolanos durante enfrentamientos con fuerzas de seguridad en HASHTAG, HASHTAG | Fotos: USER y USER  URL",others,0,venezuelan,high
1218,"La excandidata presidencial USER  aprovechó los recientes hechos violentos ocurridos en Venezuela, para enviar el siguiente mensaje a HASHTAG, ¿Habrá respuesta del presidente? HASHTAG  URL",others,0,venezuelan,high
1222,"Secretario de Estado USA, MikePompeo, asegura que Maduro estaba listo para salir hoy de HASHTAG en un avión pero los rusos le indicaron que debía quedarse. HASHTAG  URL",others,0,venezuelan,high
1226,🇻🇪  HASHTAG NARRAN CON DETALLES CÓMO FUERON ENGAÑADOS PARA DAR EL HASHTAG DE ESTADO EN HASHTAG  URL  URL,others,0,venezuelan,high
1234,HASHTAG HASHTAG HASHTAG Respaldas la soberanía del pueblo Venezolano o estas a favor de la usurpación Yankee?,others,0,venezuelan,high
1236,Solidaridad y agradecimiento para USER. Un venezolano que nunca ha bajado los brazos en la lucha por la HASHTAG | HASHTAG HASHTAG,joy,0,venezuelan,high
1238,Me informan que la oposición golpista volvió a hacer el ridículo en HASHTAG,others,0,venezuelan,high
1239,HASHTAG Sin visa y sin tanto papeleo: los tres países más fáciles para emigrar desde HASHTAG🇻🇪    URL,others,0,venezuelan,high
1243,El nivel de estrés entre tanto trabajo y lo que ocurre en HASHTAG es lo que vivimos los Venezolanos que estamos afuera. Día pesado para muchos. Y la noche será larga. HASHTAG,others,0,venezuelan,high
1246,con todo lo de hoy solo me queda claro que encargado  en venezuela de asuntos rusos es diosdi HASHTAG,others,0,venezuelan,high
1248,Dios guarde al pueblo de HASHTAG y lo bendiga con la LIBERTAD que se les ha arrebatado con mentiras y violencia.,anger,0,venezuelan,high
1250,HASHTAG se respeta viva Chávez carajó viva USER no al golpe!!,joy,0,venezuelan,high
1255,HASHTAG: por qué los militares que apoyan a la oposición se identifican con cintas azules  URL vía USER,others,0,venezuelan,high
1259,"HASHTAG NUEVAMENTE GOLPE DE ESTADO DESCARADO EN HASHTAG, HASHTAG ES RESPONSABLE DE TODA LA DESTRUCCIÓN DE ESE PAÍS. HASHTAG APLICA FALSOS POSITIVOS,PERO EL PUEBLO RESPALDA A MADURO.  URL",anger,0,venezuelan,high
1260,Lo mejor que le podría pasar a HASHTAG es que el usurpador Nicolás Maduro no aparezca nunca más en el país. Él y sus secuaces HASHTAG,anger,0,venezuelan,high
1262,Una pena lo que está pasando en estos momentos en Venezuela 🇻🇪  HASHTAG,sadness,0,venezuelan,high
1264,En estos momentos una tanqueta de la GNB se encuentra en la autopista Francisco Fajardo dirección sureste y está vía se encuentra sin tránsito vehicular HASHTAG HASHTAG HASHTAG HASHTAG…  URL,others,0,venezuelan,high
1270,"Hoy es más probable que muera guaidó que maduro. Quien lo asesine no se sabrá nunca! Hoy vale menos, y vivo? Menos aún. El único ganador de hoy es maduro. HASHTAG  HASHTAG HASHTAG",others,1,venezuelan,high
1271,"Venezuela: el liberado USER y el líder opositor USER llaman a la ""fase final"" contra el gobierno de Nicolás Maduro. Se teme un golpe de estado. HASHTAG HASHTAG  URL",others,0,venezuelan,high
1275,Te das cuenta de lo mal dominada que está HASHTAG cuando tus familiares ni tienen idea de lo que está pasando en todo el país. 😑Los medios de comunicación locales están de adorno.,anger,0,venezuelan,high
1276,"Golpistas en HASHTAG huyendo, acaba de anunciar el gobierno de HASHTAG que Lepoldo López entro a embajada chilena en HASHTAG y pide asilo, HASHTAG desaparecido, militares buscan asilo en embajada de HASHTAG. ! Fracaso el golpe contra la Revolución! USER USER  URL",others,0,venezuelan,high
1277,Pompeo dice que Maduro estaba listo para dejar Venezuela y Rusia lo impidió  URL HASHTAG HASHTAG HASHTAG HASHTAG HASHTAG HASHTAG,others,0,venezuelan,high
1278,"AHORA HASHTAG | HASHTAG | 🎙 USER, jugador argentino en Caracas: ""Se está viviendo una situación complicada, hacía dos meses que no pasaba nada, pero hoy amanecimos con este conflicto político. Está bastante difícil""",others,0,venezuelan,high
1279,"Declaración Alta Representante USER en nombre de HASHTAG sobre HASHTAG: ""Continuaremos sin escatimar esfuerzos para lograr restablecimiento de la democracia y Estado de Derecho, mediante elecciones libres y justas, de conformidad con la Constitución venezolana""  URL",others,0,venezuelan,high
1280,Le deseo al pueblo venezolano que puedan sacar a Maduro del poder y que finalmente vivan en LIBERTAD. ¡Ánimos y no bajen los brazos! El mundo libre está con ustedes. Un enorme abrazo HASHTAG HASHTAG,joy,0,venezuelan,high
1281,"Ya es hora, el pais hoy se levanta con mas fuerza que nunca, todos juntos con un solo objetivo el cese de la usurpacion HASHTAG",joy,0,venezuelan,high
1283,Vladimir Padrino USER Rindete que estas Rodeado. Llévate a tus Cubanos. HASHTAG Será Libre. Cárcel y Paredón a los Traidores que Vendieron la Patria...  URL,others,0,venezuelan,high
1286,HASHTAG sociedad civil agotada de la HASHTAG de USER continúa con manifestaciones y enfrentamientos en el este de Caracas .,others,0,venezuelan,high
1289,"HASHTAG: Autoridades señalan que enfrentamientos en el municipio de Chacao, han dejado al menos 52 heridos. Continúan las protestas en contra del régimen de Maduro. Información HASHTAG. HASHTAG  URL",others,0,venezuelan,high
1290,Venezuela debe ser libre. Guaidó es el elegido  HASHTAG,others,0,venezuelan,high
1293,"🇻🇪 En medio de momentos de tensión que se viven en HASHTAG, tanquetas pasaron por encima de manifestantes🔴 ¡Mirá el video! URL",surprise,0,venezuelan,high
1294,"🎥 En las cercanías de la manifestación opositora se escucharon varios disparos y los antichavistas también han denunciado la presencia de grupos civiles armados, conocidos como colectivos, que salen en jornadas como esta para amedrentar a la población y reprimirla HASHTAG  URL",others,0,venezuelan,high
1298,"USER USER USER Primero es plaza altamira y segundo, estamos luchando por una mejor venezuela para nuestros hijos..... vamos que si se puede HASHTAG HASHTAG HASHTAG",others,0,venezuelan,high
1301,"Miéntras la vice USER aplaude a los encapuchados y rebeldes en HASHTAG, se aterra de los que acá también reclaman sus derechos!",anger,0,venezuelan,high
1303,El mejor tuit del día 🇻🇪 HASHTAG HASHTAG  URL,others,0,venezuelan,high
1304,HASHTAG VÍDEO:😱 ¡Fuera de Control! Manifestaciones😥en las calles de HASHTAG 🇻🇪dejan heridos y atropellados y más... URL,sadness,0,venezuelan,high
1305,"USER USER. USER: ""Si este esfuerzo falla, se hundirán en una dictadura desde la cual hay muy pocas alternativas posibles. Es un momento muy delicado ... el presidente quiere ver una transferencia pacífica del poder de Maduro a Guaido. Esa posibilidad aún existe ... "" HASHTAG",others,0,venezuelan,high
1306,"HASHTAG expresa su pleno respaldo al proceso constitucional y popular emprendido por el pueblo venezolano, bajo el liderazgo del Presidente Encargado, Juan Guaidó, para recuperar la democracia en HASHTAG; y rechazan que dicho proceso sea calificado como golpe de Estado.",others,0,venezuelan,high
1307,"Este fin de semana estuve de paseo, lejos de la ciudad y sin internet, me enteré de la situación gracias a una amigo Dominicano, estaba muy feliz, pensó que Maduro había caído. Tengamos FÉ. HASHTAG será libre. El mundo ama a nuestro país y nos apoya...",joy,0,venezuelan,high
1308,Que el mundo lo vea dale RT: Este es el ilegítimo y corrupto régimen de Maduro.  HASHTAG  HASHTAG  URL,others,0,venezuelan,high
1312,"ULTIMA HORA: Debido a la gravísima situación social que se vive en HASHTAG desde las últimas horas, HASHTAG SUSPENDIÓ el duelo entre USER 🇻🇪 y USER 🇦🇷, que debían jugar el jueves x HASHTAG. El comunicado, a continuación 👇. USER HASHTAG  URL",others,0,venezuelan,high
1321,"USER Eso es defiendan su Revolución y a su Presidente hasta con los dientes, hasta con sus vidas. Por Cháves y por ese pueblo HASHTAG HASHTAG Y Venezuela seguirán VENCIENDO",joy,0,venezuelan,high
1322,"Hoy por hoy una salida que garantice la gobernabilidad y la paz de Venezuela no solo es posible sino que es una realidad irreversible. Por ello, sigamos trabajando a lo interno y a lo internacional, que la HASHTAG democrática, segura y próspera está cada día más cerca.",others,0,venezuelan,high
1324,"HASHTAG Venezuela: La derecha, ataca de nuevo. | Otra Voz  URL",others,0,venezuelan,high
1329,"USER Puede ser tu mamá, puede ser tu abuela, es la madre o la abuela de toda Venezuela, herida por querer ser libre. Esto no puede pasar más 💔💔💔 HASHTAG.",anger,0,venezuelan,high
1330,El Papá de mi cuñado. Un Héroe. Fuerza Venezuela!!! HASHTAG HASHTAG HASHTAG USER USER  URL,joy,0,venezuelan,high
1332,La comunidad noticiosa internacional lleva un registro detallado de todo lo que sucede en HASHTAG felicitaciones a todos los corresponsales venezolanos y a los ciudadanos protagonista de esta noticias.,others,0,venezuelan,high
1333,Que mierda debes tener en la cabeza para realizar esto.😢Tanques militares atropellan a manifestantes pro Guaidó en Caracas.  URL,anger,1,venezuelan,high
1335,"Si usted fuera Maduro, ¿Qué haría después de lo de hoy? No responda con el deseo, trate de pensar como si fuera él. HASHTAG Abro hilo👇🏻 HASHTAG",others,0,venezuelan,high
1336,"Mientras USER se decide a salir de su escondite, les digo: ""Estamos mejor que el 9 de enero y peor que mañana"". No hay que parar hasta lograr el cese de la usurpación, para recuperar la independencia que los traidores a HASHTAG le entregaron a HASHTAG.  URL",others,0,venezuelan,high
1337,"⚠️El intervencionismo de HASHTAG 🇺🇸 contra HASHTAG 🇻🇪 es cínico ¿Quíen aún podría cree que a HASHTAG…- le interesan los HASHTAG de venezolanos?,- que no está motivado por los HASHTAG de Venezuela? URL HASHTAG HASHTAG",anger,0,venezuelan,high
1338,La negociación y el diálogo será la clave para que HASHTAG viva un nuevo período democrático pero pasará un tiempo para que los demócratas venezolanos se encuentren y demuestren en paz que con votos se puede lograr un cambio.  URL,others,0,venezuelan,high
1345,Señores: USER USER USER USER USER  USER USER USER Es la hora de la HASHTAG Los venezolanos insistiremos en la búsqueda de nuestra LIBERTAD HASHTAG para HASHTAG Uds SABEN QUE SOLOS NO PODEMOS  URL,others,0,venezuelan,high
1347,"HASHTAG| Leopoldo lópez nunca estuvo liderando la manifestación hacia HASHTAG, ¡Una vez más! ¡Lo hizo! ¡El llamado irresponsable de estos golpistas! A esta hora, sabemos que desde tempranas horas, huyó a la embajada de HASHTAG en HASHTAG HASHTAG  URL",joy,0,venezuelan,high
1350,Todo hoy no son malas noticias.  Es posible que venezuela sea libre al fin HASHTAG  URL,others,0,venezuelan,high
1769,Necesitamos ser como están hoy en la lucha de  HASHTAG  para enfrentar así al gobierno de Venezuela.,others,0,venezuelan,high
2287,Así celebra el SAIME el HASHTAG Sería un chiste muy cómico si la realidad no fuera tan dolorosa. ☹️  URL,sadness,0,venezuelan,high
2342,HASHTAG ¿Los caraqueños siguen leyendo? Y sí es así ¿Qué leen? Aquí en Contrapunto te mostramos un poquito de esa realidad entre páginas  URL  URL,others,0,venezuelan,high
2493,"HASHTAG HASHTAG LEER ES ENTENDER. LECTURA, LECTURAY MAS LECTURA. MENOS LOS CHAVISTAS,ELLOS NO LEEN NADASOLO REPITEN COMO LOROS.  URL",others,1,venezuelan,high
2539,"Por más eventos así. Gracias, USER y sus aliados. A USER por todo el apoyo prestado para celebrar en Caracas este HASHTAG.  URL",joy,0,venezuelan,high
2545,Venezuela Bella HASHTAG HASHTAG HASHTAG HASHTAG HASHTAG Salomón Rondón HASHTAG Interpol Justicia  URL,others,0,venezuelan,high
2709,HASHTAG HASHTAG “La buena lectura es el camino maravilloso hacia la liberación definitiva”Hugo Chávez HASHTAG  URL,others,0,venezuelan,high
2732,Se invita a la Asamblea General Ordinaria de USER Día: 24 de AbrilHora: 2:30 PMBolsa de CaracasEl Rosal  HASHTAG HASHTAG HASHTAG HASHTAG UNESCO  URL,others,0,venezuelan,high
2756,"Hoy HASHTAG Finalizamos Positiva Jornada Laboral en el Registro Mercantil I procesando, firmando y entregando lo estimado para el día. Trabajamos por LA PAZ DE VENEZUELA USER USER USER USER USER USER USER  URL",others,0,venezuelan,high
2902,“Tengo un alma profundamente naturista y adoro con ella la verdad sencilla de las cosas” Teresa de la Parra HASHTAG  HASHTAG HASHTAG,joy,0,venezuelan,high
3026,"En el HASHTAG celebramos el esfuerzo de los escritores venezolanos por mostrar en España lo mejor de Venezuela. Y en HASHTAG, de la mano de USER, una representación de ellos lo demuestra. HASHTAG HASHTAG  URL",others,0,venezuelan,high
3127,"""Antes de ser presidente hay que sufrir y aprender. Si no, se sufre y se aprende en la Presidencia a costa de un país"" HASHTAG",others,0,venezuelan,high
3397,Solo Nosotros te podemos Garantizar GANANCIAS Afíliate 🌟VIP🌟⚽ HASHTAG HASHTAG HASHTAG HASHTAG🏀 HASHTAG ⚾ HASHTAG 🏒 HASHTAG HASHTAG🍀 HASHTAG🏇 HASHTAG 🇻🇪🇺🇸 💰 HASHTAG Tenemos un plan para que ganes dinero TODOS LOS DÍAS CON GARANTÍA  URL,others,0,venezuelan,high
4221,"Veré el juego de la HASHTAG entre HASHTAG tomando un café en un HASHTAG en Caracas HASHTAG comiendo unas ricas HASHTAG venezolanas con el HASHTAG del país, un libro de historia latinoamericana y escuchado HASHTAG Para ser ""Políticamente Correcto""",others,0,venezuelan,high
4718,Orgullosa del freno que le hemos puesto a la derecha y ultra derecha. Somos un ejemplo para toda Europa! HASHTAG HASHTAG,joy,0,venezuelan,high
4762,También infinitas gracias 👏🏻👏🏻👏🏻para todos aquellos interventores y apoderados/as socialistas que han estado al pie del cañón en los colegios electorales 🌹🌹 HASHTAG,joy,0,venezuelan,high
5278,"Hoy la voluntad mancomunada d las mujeres por hacer valer sus derechos está en la agenda del mundo💪🏿💪🏻💪🏽💪, ojalá HASHTAG,  el conflicto del HASHTAG arrastrara la misma cantidad d gente en su lucha porque también es una lucha TRANSVERSAL  HASHTAG HASHTAG",others,0,venezuelan,high
5339,"Cinco mentiras ""cazadas"" durante el apagón en Venezuela HASHTAG  URL HASHTAG HASHTAG HASHTAG HASHTAG  URL",others,0,venezuelan,high
5433,Gracias HASHTAG es increíble que una niña logre liderar tan imperativa movilización y supere a cualquier adulto en nivel de conciencia. Vergüenza deberíamos sentir los demás 😓 HASHTAG  HASHTAG HASHTAG HASHTAG 🙏🌎💚 URL,others,0,venezuelan,high
5755,"HASHTAG | Excanciller USER sobre la situación en HASHTAG: ""Lo que parece estar en evidencia es que los altos mandos militares están con el régimen de Maduro""  URL  URL",others,0,venezuelan,high
5756,Llegarán más venezolanos y la crisis humanitaria puede tocar fondo en Colombia HASHTAG,others,0,venezuelan,medium
5758,"NO, NO HAY PAÍS COMO VENEZUELA!!!! HASHTAG HASHTAG HASHTAG  URL",others,0,venezuelan,high
5770,"Lo ocurrido en HASHTAG este 30 de abril se puede resumir como: ""otra que no fue"", de nuevo la oposición venezolana demuestra que no tiene la capacidad para asumir el poder.",others,0,venezuelan,high
5779,Ojala el final de Maduro sea igual al final de Khadafi... HASHTAG,others,0,venezuelan,high
5782,🇻🇪 HASHTAG  por HASHTAG | Abracemos con nuestra oración a los hermanos HASHTAG | HASHTAG para todos🙏  URL  URL,others,0,venezuelan,high
5784,"HASHTAG ""El secretario de Estado Mike Pompeo dijo en CNN que Maduro estaba en un avión 'rumbo a La Habana' HASHTAG cuando el gobierno ruso lo convenció de que no se fuera..."" HASHTAG HASHTAG  URL",others,0,venezuelan,high
5785,"Un abrazo a los colaboradores de HASHTAG en HASHTAG, sólidos en sus posiciones de trabajo como respuesta a quienes intentan destrozar la obra de la Revolución Bolivariana. HASHTAG.  URL",joy,0,venezuelan,high
5791,No sé qué estoy viendo en directo en Venezuela en este canal  URL HASHTAG HASHTAG HASHTAG,others,0,venezuelan,high
5797,"Operación Valkiria versión llanera? Espero el ""hospedaje"" de López en la embajada chilena no signifique eso HASHTAG HASHTAG",others,0,venezuelan,high
5800,"El ""¡Ya cayó!, ¡Ya cayó!, ¡Nicolás ya cayó!"". URL HASHTAG HASHTAG HASHTAG HASHTAG  URL",joy,0,venezuelan,high
5801,HASHTAG El líder opositor Leopoldo López permanecerá en las instalaciones de la embajada de Chile en Caracas junto con su familia  URL vía USER,others,0,venezuelan,high
5803,HASHTAG: Donamos material especializado para tratamiento de heridos en centros de salud y hospitales de Caracas. Nuestros equipos están movilizados para ampliar la respuesta en función de la evolución de los acontecimientos: URL,others,0,venezuelan,high
5809,Mi Venezuela 💛💙💓 vibras en mi corazón. HASHTAG HASHTAG  URL,joy,0,venezuelan,high
5810,"¡BOMBAZO! Pompeo revela: Maduro tenía planeado huir a La Habana este HASHTAG, pero los rusos se lo impidieron (+Video) HASHTAG HASHTAG -  URL  URL",surprise,0,venezuelan,high
5811,Estos ojitos(iluminados con la luz del sol) quieren ver a Maduro de una vez por todas fuera de HASHTAG.  URL,joy,0,venezuelan,high
5815,"López y Guaidó son traidores a la Patria Grande, Viva HASHTAG ¡No Pasarán!  URL",others,0,venezuelan,high
5821,¡SEPA! La Cruz Roja distribuyó ayuda humanitaria a pacientes en Caracas este HASHTAG HASHTAG HASHTAG   URL,joy,0,venezuelan,high
5823,"DICLOFENAC SÓDICO. Contacto para llamadas, whatsapp y mensajes de texto: 0412-539-54-73. HASHTAG HASHTAG HASHTAG HASHTAG  URL",others,0,venezuelan,high
5824,HASHTAG: qué se sabe de lo que está pasando fuera de Caracas.  URL | USER,others,0,venezuelan,high
5825,"HASHTAG Opositor venezolano Leopoldo López y su familia, refugiados en embajada chilena  URL HASHTAG HASHTAG  URL",others,0,venezuelan,high
5831,HASHTAG Revelan HASHTAG venezolanos que fueron HASHTAG para sumarse al HASHTAG (vídeos)  URL  URL,others,0,venezuelan,high
5834,En HASHTAG no se duerme hoyTodos esperando la Renuncia de Maduro.  URL,others,0,venezuelan,high
5840,Nuestro Alcalde Chavista USER en la Plaza Bolívar de HASHTAG estamos decididos a defender la Patria aquí Manda el Pueblo con USER y USER HASHTAG HASHTAG HASHTAG  URL  URL,others,0,venezuelan,high
5841,Gran movilización de civiles y militares hacia Chacaíto HASHTAG HASHTAG  URL,others,0,venezuelan,high
5842,Victoria para Venezuela!!!!!!!!!!! Maduro YA NO ESTÁ EN VENEZUELA! HASHTAG,joy,0,venezuelan,high
5845,HASHTAG  ¿ Será que Maduro seguirá el mismo camino que Nicolae Ceaușescu?,others,0,venezuelan,high
5848,Pompeo USER: Maduro se preparaba para salir de HASHTAG y Rusia lo detuvo  URL v,others,0,venezuelan,high
5855,Jorge Rodríguez habría firmado el acta para no renovar la concesión a RCR (+Foto) HASHTAG   URL,others,0,venezuelan,high
5860,Esto ya inició y no se va a detener HASHTAG 🇻🇪,others,0,venezuelan,high
5861,El precio del dólar paralelo en este momento 2019-04-30 17:00 PM: 6124.24 Bs HASHTAG HASHTAG,others,0,venezuelan,high
5864,"Intentona golpista de HASHTAG terminó en HASHTAG; los 25 rasos, el auto proclamado USER y el prófugo López se refugiaron en la embajada de HASHTAG.  URL",others,0,venezuelan,high
5869,[MUNDO] USER hace regresar vuelo París-Caracas por situación en HASHTAG  URL 🇻🇪,others,0,venezuelan,high
5870,"Fuente me confirma que USER no solicitó asilo en la embajada de HASHTAG, está en calidad de huésped. Diversos colegas hablan de negociaciones con el régimen para el cese de la usurpación en HASHTAG y el establecimiento de un Gob. de transición",others,0,venezuelan,high
5871,No hay cifras a esta hora 4:49pm de cuantos militares se habrían sublevado contra Nicolás Maduro ni tampoco del número de heridos o si ha habido algún fallecido. HASHTAG HASHTAG,others,0,venezuelan,high
5873,"En una hora iniciamos el HASHTAG para tratar el tema ""Como Aumentar tu Capacidad de Venta en Venezuela"" HASHTAG HASHTAG HASHTAG HASHTAG HASHTAG HASHTAG HASHTAG",others,0,venezuelan,high
5874,HASHTAG  esta matanza a sangre fria tiene que terminar!!!! FUERZA VENEZUELA 🇻🇪🇻🇪🇻🇪💪🏻💪🏻,anger,0,venezuelan,high
5875,El tweet con más interacciones fue el del Presidente de la Asamblea Nacional y autoproclamado Presidente de HASHTAG USER con más de 178 mil interacciones.  URL,others,0,venezuelan,high
5882,HASHTAG HASHTAG HASHTAG Comandos militares y calles del Táchira fueron tomadas por la sociedad civil  URL,others,0,venezuelan,high
5883,"Maduro: ""No aceptaremos ordenes del imperialismo""Putín: ""Cállate gordo y quédate en HASHTAG""Maduro: ""Si jefesito!""",anger,0,venezuelan,high
5889,Dios bendiga hoy y siempre a Venezuela y a toda su gente luchadora HASHTAG  HASHTAG  URL,others,0,venezuelan,high
5891,"HASHTAG | USER, desde HASHTAG: ""Hay que esperar que Maduro salga a público y diga qué va a hacer de ahora en adelante""  URL",others,0,venezuelan,high
5895,USER Rondón no ha peleado. Rondón es el pueblo hecho unión cívico militar. HASHTAG HASHTAG HASHTAG HASHTAG HASHTAG. HASHTAG es Chavista y Bolivariana.,others,0,venezuelan,high
5897,.@TSJ_Legitimo ratifica a miembros de la Fuerza Armada Nacional su deber institucional de defender la Constitución y democracia HASHTAG  URL,others,0,venezuelan,high
5898,HASHTAG | Leopoldo Lopez ingresó en calidad de “huésped” a la embajada de Chile  URL HASHTAG,others,0,venezuelan,high
5901,¿Ya les va quedando claro que la Venezuela de Maduro es un satélite de Rusia y Cuba? HASHTAG,others,0,venezuelan,high
5903,"Los gobiernos de HASHTAG HASHTAG HASHTAG HASHTAG HASHTAG HASHTAG HASHTAG HASHTAG HASHTAG HASHTAG HASHTAG y HASHTAG, miembros del HASHTAG, ""conminan a USER a cesar la usurpación, para que pueda empezar la transición democrática"" en HASHTAG  URL",disgust,0,venezuelan,high
5910,USER Tu necesidad de agradar al régimen te lleva a defender lo indefendible. Quien está usurpando el poder en HASHTAG es el simio armado de USER,others,0,venezuelan,high
5911,Orando por el pueblo venezolano y una HASHTAG,sadness,0,venezuelan,high
5912,Maduro con las horas contadas... HASHTAG,others,0,venezuelan,high
5915,HASHTAG HASHTAG | Golpistas disparan con fusil a militares que intentan dispersar con grases lacrimógenos. Están disparando contra el propio pueblo venezolano.  URL,others,0,venezuelan,high
5916,HASHTAG: Más de 400 mil niños han migrado por crisis en Venezuela.  URL,others,0,venezuelan,high
5917,Maduro asegura que tiene 'total lealtad' de jefes militares HASHTAG HASHTAG  URL,others,0,venezuelan,high
5920,"HASHTAG El presidente de la Asamblea Nacional Constituyente (ANC) de, HASHTAG, Diosdado Cabello hace un llamado al pueblo a defender la soberanía de la nación Para más detalle visita HASHTAG👉👉 URL  URL",others,0,venezuelan,high
5922,"Y que no olviden los Imperialistas que ni el áspid muerde en pechos varoniles; ni de su cuna reniegan hijos fieles. Deme HASHTAG en que servirla, ella tiene en mi una hija. De América soy hija y a ella me debo. HASHTAG HASHTAG.  URL",sadness,0,venezuelan,high
6199,"USER Diccionario del Mar Venezolano, 1998 HASHTAG HASHTAG HASHTAG",others,0,venezuelan,high
6727,HASHTAG Vaya 4 años le esperan al Falcón! HASHTAG HASHTAG HASHTAG  URL,others,0,venezuelan,high
6844,Quinta conclusión: el Falcon va a agotar existencias de diésel HASHTAG HASHTAG,others,0,venezuelan,high
6986,La clase hegemónica capitalista trata al resto como a niños y le sigue funcionando HASHTAG,others,0,venezuelan,medium
6988,China ofreció ayuda a Venezuela para estabilizar electricidad  URL HASHTAG HASHTAG HASHTAG HASHTAG  URL,others,0,venezuelan,high
7021,Sala Plena recibió solicitud de antejuicio de mérito contra Juan Guaidó  URL HASHTAG HASHTAG HASHTAG HASHTAG  URL,others,0,venezuelan,high
7061,"El papa a Greta Thunberg: ""Sigue adelante""  URL HASHTAG HASHTAG 🇻🇦  URL",others,0,venezuelan,high
7077,"A seis días sin luz, Venezuela anuncia restablecimiento total  URL HASHTAG HASHTAG HASHTAG HASHTAG  URL",others,0,venezuelan,high
7095,"Lo que está ocurriendo en estos momentos en HASHTAG 🇻🇪 es un peligro para el pueblo venezolano, Juan Guaidó es un títere de los Estados Unidos. Venezolanos,¿realmente queréis vender a vuestra patria por las mentiras de ese ''defensor de la democracia''?, no os dejéis engañar.  URL",anger,1,venezuelan,high
7097,"Yo no voto al socialismo ni al comunismo porque te rompen las rodillas, te regalan las muletas y te hacen creer que caminas gracias a ellos... Algún día el mundo lo va a entender, no hace falta ser de derecha ni liberal, hace falta ser coherente. HASHTAG 🇻🇪 🙌🏻❤️",anger,1,venezuelan,high
7117,Los Venezolanos debemos estudiar el Plan Balcerowicz  y ver que podría funcionar para transicionar la economía de socialismo de estado de vuelta a mercados capitales. URL HASHTAG HASHTAG HASHTAG HASHTAG,others,0,venezuelan,high
7119,¿Dónde está Nicolás Maduro? HASHTAG,others,0,venezuelan,high
7120,✔️Presisamente ayer comentaba con mi  mamá que la cosa se había enfriado ❄ demasiado HASHTAG Honestamente sobre la mesa hay muchas opciones. Con lo de hoy en HASHTAG sabemos q sigue el trabajo político tras bambalinasMañana HASHTAG será un día interesante 🤔 HASHTAG 🇻🇪,others,0,venezuelan,high
7121,En vivo: Levantamiento contra Maduro en HASHTAG  URL via HASHTAG,others,0,venezuelan,high
7122,HASHTAG  el ultimo empujón se hace con más fuerza 🇻🇪🇻🇪🇻🇪🇻🇪 HASHTAG 🇦🇷,others,0,venezuelan,high
7123,USER USER Jajajaja y le crees a lo que dice padrino López? Altamirs (ccs) esta prendida. Todos en la calle. Maduro no ha salido a manifestarse. Los militares con la ciudadanía. MUY PRONTO HASHTAG,others,0,venezuelan,high
7127,Y USER vuelve a dejar en la calle a la basura de USER HASHTAG el aun cree q esto es un juego y q Guaido es un gafo. Por segunda vez lo deja loco. HASHTAG  URL,others,0,venezuelan,high
7128,Y aun asi hay gente que dice “no pasa nada en Venezuela” “no me consta” ojala nunca tengamos que pasar por una situación así HASHTAG HASHTAG  URL,disgust,0,venezuelan,high
7132,HASHTAG HASHTAG HASHTAG La gente escucha el llamado de Guaidó y el régimen de Maduro ¿cómo reacciona?  URL,others,0,venezuelan,high
7151,manuela bolívar salud chacao iker casillas HASHTAG 1ero de mayo pompeo HASHTAG av cedeño brutal  URL,others,0,venezuelan,high
7170,"Un libro venezolano que merecía estar en las listas de USER es ""The Night"" de USER. Mala mía no haberlo recomendado, pues creo que será material de culto en unos años. HASHTAG",joy,0,venezuelan,high
7330,"Muy triste, lamentable lo q paso en HASHTAG pero la fé y la espiritualidad no esta en las paredes sino en nuestro corazón, aunque las perdidas históricas sean muchas, se recontruirá, asi sea!",sadness,0,venezuelan,medium
7467,HASHTAG COLECTIVO CHAVISTA LLORA AL SER SOMETIDO POR EL PUEBLO CANSADO DE SUS ABUSOS  URL,sadness,0,venezuelan,high
7468,"USER Hola Vene, acá tranki, amigo lamento lo que está pasando en tu País, Fuerza HASHTAG, yo los apoyo HASHTAG.",sadness,0,venezuelan,high
7471,"Qué la población en general, que la TROPA de las FFAA de HASHTAG no se levanten en verdaderas masas, nos da una idea del daño que le hicieron a esa nación. Por generaciones. Da pena, verdaderamente. Malditos sean HASHTAG y .@NicolasMaduro.",sadness,0,venezuelan,high
7472,No puedo creer todo lo que esta pasando en Venezuela. Es tan tan triste. Que se acabe ya HASHTAG,sadness,0,venezuelan,high
7473,Lo que está pasando en Venezuela es terrible... HASHTAG 💛💙❤️,sadness,0,venezuelan,high
7477,"🇻🇪 Imágenes terribles desde HASHTAG. La violencia no debe ganar, espero que se encuentra una solución política. Schreckliche Bilder aus Venezuela. Die Gewalt darf nicht siegen, ich hoffe das eine politische Lösung gefunden wird. 🕊️ HASHTAG HASHTAG  URL",sadness,0,venezuelan,high
7481,"USER HASHTAG básicos... Si se manifiestan son atacados por gases, balas, atropellados... Es muy triste lo que están viviendo. Mi apoyo incondicionala por una Venezuela Libre. HASHTAG 💛💙❤️",sadness,0,venezuelan,high
7482,"USER USER Que tristeza HASHTAG  ya es demasiado , en ningún pais deben enquistarse las gobiernos, ya basta, Venezuela siempre fue un pais próspero, dejenlo renacer  nuevamente.",sadness,0,venezuelan,high
7484,Que angustia la misma sensación cuando estábamos viendo la baranda CNE la siento ahora HASHTAG,sadness,0,venezuelan,high
7490,Hoy tarde de oraciones. Pido por todos mis amigos venezolanos que hoy sufren la opresión a fin de que llegue pronto una HASHTAG sin violencia.  URL,sadness,0,venezuelan,high
7493,"Que bolu... que penaPerdón venezolanos por éstos que le quieren explicar a ustedes,  lo que ustedes viven HASHTAG  URL",sadness,0,venezuelan,high
7497,"En la tragedia venezolana hay muchos villanos, pero ningún heroe. HASHTAG",sadness,0,venezuelan,high
7498,"Pobre HASHTAG. Maduro que no tiene dedo para el piano, HASHTAG y HASHTAG son incapaces de hacer un HASHTAG como la gente. No hay por donde quien los gobierne.",sadness,0,venezuelan,high
7504,Que pena lo que está pasando en HASHTAG un presidente que viola su propia constitución y una oposición que envío al pueblo a luchar con piedras como armas,sadness,0,venezuelan,high
7505,"HASHTAG, patria muy lastimada, sin salida de negociación será muy complicado de resolver, mientras las alternativas sigan siendo HASHTAG o HASHTAG el pueblo venezolano seguirá sufriendo gravemente las consecuencias. Venezuela merece elecciones libres,sin intervenciones a modo.  URL",sadness,0,venezuelan,high
7508,Lamentable lo que se está viviendo en venezuela. Dios sea con ustedes.  HASHTAG HASHTAG,sadness,0,venezuelan,high
7514,"Ni pensar que ustedes alguna vez gozaron de prestigio y aceptación. Venevision, Televen y Gobovision. Que pena HASHTAG HASHTAG HASHTAG",sadness,0,venezuelan,high
7515,"La única posible vía para sacar del poder a ese régimen decadente, lo dije antes con Chávez (desde hace más de 10 años) y ahora, es la guerra civil en HASHTAG. Es triste y no es deseable pero a los socialistas y comunistas sólo entienden a puro plomo.",sadness,0,venezuelan,high
7516,Terrible lo que está pasando en HASHTAG. Una plegaria sincera por mis amistades venezolanas. Que Dios les dé fuerza y entendimiento para hacer lo correcto.,sadness,0,venezuelan,high
7517,USER Da pena ajena que ese retrógrado de Fran Pérez hablé de HASHTAG sin conocer la Constitución Nacional de Venezuela!!! USER USER USER USER USER,sadness,0,venezuelan,high
7518,"madre mia lo de venezuela me da ganas de llorar, si alguien de allí me leyera que sepais que teneis todo mi apoyo, muchisima fuerza a HASHTAG:(",sadness,0,venezuelan,high
7521,Sentimos mucha tristeza por lo que está sucediendo en Venezuela. Rogamos una solución pacífica para que todos los venezolanos puedan vivir en paz. HASHTAG HASHTAG HASHTAG,sadness,0,venezuelan,medium
7583,USER USER Y usted cree que Leopoldo López y todo Venezolano que luche por recuperar la democracia en HASHTAG puede andar libremente en el País? Entonces usted o es comunista o no tiene idea que es vivir en un régimen cobarde y asesino.,anger,0,venezuelan,high
7587,"¡AGARRA, PUES! Tarre celebra el duro golpe de EEUU a Arreaza: “Si alguien merecía ser sancionado por su cinismo y falta de gallardía es él” (+Video) HASHTAG HASHTAG   URL",anger,0,venezuelan,high
7590,"Escuche que Trump llamaba a Maduro ""usurpador"" y me dio ataque de furia HASHTAG Los problemas de HASHTAG debe arregarlos HASHTAG HASHTAG",anger,0,venezuelan,high
7591,"Nuevas amenazas y mentiras de HASHTAG contra HASHTAG, ante fracaso de golpe en HASHTAG. El emperador racista amenazó con ""embargo total"" y sanciones a Cuba si continúa con un supuesto apoyo militar al Gobierno de Nicolás Maduro. Rabieta prepotente y mentirosa contra Cuba.",anger,0,venezuelan,high
7592,"""'Las sanciones EEUU apuntan deliberadamente a destruir la economía de HASHTAG y, por lo tanto, llevar al cambio de régimen. Es una política infructuosa, cruel y fallida que causa graves daños al pueblo venezolano (…)', reveló el estudio... por el CEPR""  URL",anger,0,venezuelan,high
7593,"Maduro será un mal presidente y un incompetente, como otros muchos, pero el imperialismo yanqui y todos esos países que bailan al son de la música que marcan estos no pueden apoyar y consentir lo que es un auténtico golpe de estado al legítimo gobierno de HASHTAG  URL",anger,0,venezuelan,high
7594,"Mucho cinismo Pdte USER,  la violencia  brutal contra inocentes la ejerce su  aliado Maduro!!  HASHTAG  URL  URL",anger,0,venezuelan,high
7663,Todo el mundo preocupado por HASHTAG mientras que día a día matan y violan a las minas. Pero claro ellas se la buscaron la catedral era indefensa...,anger,1,venezuelan,high
7696,"USER Me tiene sin cuidado lo que rechaces mamarracho. Toda mi solidaridad con el pueblo venezolano, esperemos que el tirano caiga, pido por una HASHTAG  y en paz.",anger,1,venezuelan,high
7699,"USER te recuerdo que tú eres Venezolana y te burlas de otra extranjera? cara dura! USER y tú haciendo la pelota a la rubia de bote, son asquerosas, lo peor de la tv! HASHTAG HASHTAG HASHTAG HASHTAG HASHTAG  URL",anger,1,venezuelan,high
7701,"Alguien (O. N. U) puede hacer algo en Venezuela 🇻🇪 por favor! El DICTADOR HIJO DE PUTA de Maduro, los está matando a todos! HASHTAG",anger,1,venezuelan,medium
7702,USER USER Defendiendo al inútil tirano comunista que ha arruinado al país más rico de Hispanoamérica.... Penoso... HASHTAG,anger,1,venezuelan,high
7704,"Pero venezuela no está saliendo de un problema, para entrar a otro mar grave , ahora si hay justificación para una guerra si ellos midan Moisés inician la guerra. No crean que la guerra es la solucion . HASHTAG HASHTAG HASHTAG HASHTAG",anger,0,venezuelan,high
7706,"Hace tiempo trabajé con un venezolano, muy bueno en sistemas. Cada que le preguntábamos de la situacion en su país se ponía un poco triste y nos contaba lo difícil que era vivir allá. HASHTAG Que chingue a su madre Maduro y el América.",sadness,1,venezuelan,high
7710,Es una inmundicia HASHTAG la peor mugre que existe. Algún día a esa inmundicia a esa basura a esa tremenda porquería espero que le pase todo el daño que le causó a HASHTAG sosteniendo una dictadura y a HASHTAG más a los HASHTAG que armó y luego combatió. HASHTAG UNA MUGRE  URL,anger,1,venezuelan,high
7711,. USER se va a ir al infierno por lo que hizo en Venezuela HASHTAG  URL,anger,1,venezuelan,high
7715,HASHTAG Fuera maduro!!! Dictador hijo de puta!!!,anger,1,venezuelan,high
7716,"Chicos venezolanos, muy jóvenes , protestan en contra  del HASHTAG frente a la embajada de HASHTAG en Bs As  , por otro lado el apoyo a Maduro de argentinos con caras toscas, viejos sobrevivientes de los '70 ,zurdos de cerebro atrofiado. HASHTAG HASHTAG",disgust,1,venezuelan,high
7718,No hay peor ciego que el que no quiera ver! BURROS de trapos rojos mugrientos! HASHTAG  🇻🇪  URL,disgust,1,venezuelan,high
7722,"El rostro de una dictadura cobarde, que se esconde detrás de vehículos blindados para agredir a sus ciudadanos. HASHTAG 🇻🇪  URL",anger,1,venezuelan,high
7725,Ajá ahora digo yo para que coño sueltan a Leopoldo para que vaya y se enconche en una embajada? Entiendo lo de su esposa e hijos. Pero el? Van a dejar solo a Guaidó con este peo. En la Unión está la fuerza! HASHTAG 🇻🇪,surprise,1,venezuelan,high
7732,HASHTAG Fuera las manos golpistas de Venezuela y lacayos. Viva el pueblo venezolano y viva  USER venceremos.,joy,0,venezuelan,high
7733,USER Ya hay que tener poca vergüenza para defender a un genocida como Maduro pero cuando alguien ha estado forrándose y cobrando del régimen asesino todo se entiende mejor. HASHTAG,disgust,1,venezuelan,high
7738,¿ARENGAS DE UN GOLPISTA?: Disturbios en Caracas tras el llamamiento de HASHTAG a un HASHTAG en HASHTAG  URL via USER,others,0,venezuelan,high
7739,"Mientras algunos exponen sus vidas en las calles, otros se asilan en embajadas. Qué desastre. Un fracaso Guaidó HASHTAG USER HASHTAG",disgust,0,venezuelan,high
7745,"💫Si Maduro cae, haré fiesta.💫 HASHTAG HASHTAG HASHTAG",joy,0,venezuelan,high
7750,Así se burlan de la gente del Este de Caracas. Y le roban el dinero a los contribuyentes gringos. No les da pena. El blanco cachorrito lo que se está es llenando! Y USER pagando 😎 HASHTAG HASHTAG HASHTAG HASHTAG  URL,anger,1,venezuelan,high
7752,"HASHTAG La primera conclusión de lo que parece ser la primera jornada por la restauración de la democracia en HASHTAG: Nicolás Maduro es solo un cobarde. Después de su ausencia física frente a los acontecimientos de hoy, está terminado.",anger,1,venezuelan,high
7755,USER Maduro es una mierda. Aferrarse a HASHTAG. La gente va a ganar. (Google Translator),disgust,1,venezuelan,high
7767,Usted sí que da asco!!🤮🤢🤮 apoyando la hambruna y la forma en la que este dictador tiene al pueblo venezolano!! Que vergüenza!! HASHTAG HASHTAG  URL,disgust,1,venezuelan,high
7768,Legisladores y legisladoras del USER rechazan contundentemente el intento de Golpe de Estado contra el presidente legítimo USER y salen a la calle junto al pueblo zuliano y al USER a defender la soberanía de HASHTAG USER  USER  URL,others,0,venezuelan,high
7769,"HASHTAG Pensaron que hoy era el día, pensaron que caería Maduro con el apoyo gringo pero fue un Bahía de Cochinos. Aprendan de Julio del 79: al dictador Somoza le cayó la bazuca. Lean otra vez, bazuca.",anger,1,venezuelan,high
7771,20 años dando jugo con el golpe en Venezuela. Debe ser por eso que el payaso de turno tiene solo 30 y tantos años! Necesitan a un puto bien joven para que tengan aguante hasta que muera!!! Jajajajjaa😂 HASHTAG HASHTAG HASHTAG  URL,others,1,venezuelan,high
7772,"Como cuando consigues una rata en tu casa, que te ve y se esconde, así esta Maduro y su combo. Tarde o temprano el fin será el mismo. Fuerza HASHTAG pronto serás libre",others,0,venezuelan,high
7774,Maduro genocida vete ya usurpador VIVA VENEZUELA LIBRE LOS ESPAÑOLES LIBRES ESTÁN CON VOSOTROS ÁNIMO HASHTAG,others,1,venezuelan,high
7775,"USER USER Pues soy venezolano, mi familia está allá dependiendo de las medicinas/comidas que le enviamos desde afuera, y a mi no vas a chapear porque también tengo licenciatura en estudios internacionales. Lo que faltaba, un becerro de playa que no ha vivido en HASHTAG dando lecciones.",anger,1,venezuelan,high
7776,"Ojalá USER tenga un plan serio para dar un golpe contundente al usurpador en las próximas horas, sobre todo mañana, que es para cuando había convocado la movilización; de lo contrario amanecerá el jueves con gran descrédito...  Ineludible realidad! HASHTAG",others,1,venezuelan,high
7779,"Me hace mucha gracia que en HASHTAG se diga ""el régimen de HASHTAG "",  cuando Maduro no ha hecho régimen en su puta vida HASHTAG",anger,1,venezuelan,high
7780,Ya estoy con los cocos hinchados  con Guaido y Maduro.   Llamen a elecciones libres y el que caga caga.  Tanto les cuesta? O los dos tienen miedo a perder?  Y no me vengan con la estupidez que no hay garantías HASHTAG,anger,0,venezuelan,high
7782,En HASHTAG Deben ya sacarlo al hijo de puta de Maduro y de ahí tendrán un largo periodo para salvaguardar el país y volver a iniciar de 0 de todo lo que han robado.,anger,1,venezuelan,high
7783,Todos esos venezolanos y mexicanos HASHTAG que se manifiestan a favor de HASHTAG yo les digo que pueden irse ahora mismo a HASHTAG  y aquí en HASHTAG NADIE LOS VA A EXTRAÑAR 😃,disgust,1,venezuelan,high
7786,"Perdón pero si a esta altura hay gente que sigue apoyando a Maduro, quiero decirles que son unas mierdas y no quieren ver la realidad HASHTAG",disgust,1,venezuelan,high
7789,"USER USER ese es otro de los pseudo sindicatos que apoyan a Maduro, Putin y vociferan de usa pero no de la prescencia militar ruso-china en HASHTAG, ...",others,0,venezuelan,high
7792,"USER USER USER es el presidente legítimo de HASHTAG, fue elegido por el único Congreso venezolano legítimo. El usurpador es el genocida de HASHTAG",anger,1,venezuelan,high
7797,"USER “Este es el corrupto, ilegítimo régimen de Maduro.” HASHTAG  HASHTAG  URL",disgust,1,venezuelan,high
7798,"USER Mire mijo, busque trabajo y deje de vivir de pueblos que sufren. Claro que uds están metidos en HASHTAG, hasta los tweets se los escribes a USER. Váyanse de la Patria de Bolívar. VÁYANSE!!!",anger,0,venezuelan,high
7801,HASHTAG Leopoldo no puede ser tan cobarde de no estar al frente de su gente. Vergonzoso y bochornoso que esté en la embajada chilena. Qué mierda de honor es ese? Qué líder tan bochornoso es ese?,anger,1,venezuelan,high
7802,"HASHTAG  HASHTAG  HASHTAG  HASHTAG  HASHTAG Las RATAS infrahumanas Yanquis fracasan en una maniobra exterior errática y confusa, HASHTAG  avisó a Maduro de que no viajará como tenía previsto hoy",disgust,1,venezuelan,high
7804,"""El soldado que le dispara a un civil desarmado es un cobarde cerdo asqueroso."" HASHTAG🇻🇪  URL",anger,1,venezuelan,high
7805,"USER USER Pronto va a caer el hijo de mil putas, de Maduro.  HASHTAG",anger,1,venezuelan,high
7810,"HASHTAG Querida, un dictador como Maduro solo puede ser vencido definitivamente con el arma mas poderosa de todas: El Rezo del Santo Rosario de la Virgen María, ella nunca los va a abandonar.",others,0,venezuelan,high
7811,USER USER Caterva de hijueputas venezolanos que le hacen juego al pilche golpe. Háganse los valientes en HASHTAG y no jodan en Ecuador. Dan asco....  URL,disgust,1,venezuelan,high
7813,"... La lucha tiene que ser del pueblo y ayuda extranjera porque los que tienen sed de sangre son los  chavistas-maduristas  que se apoderaron de nuestro país... Los asesinos son ellos, poseídos por el mismísimo diablo... HASHTAG HASHTAG HASHTAG",anger,1,venezuelan,high
7815,"Guacara, estado Carabobo se une y se mantiene en las protestas HASHTAG HASHTAG HASHTAG  URL",others,0,venezuelan,high
7816,Chávez fue la puta más barata que ha tenido HASHTAG. Le dio el culo a HASHTAG y HASHTAG a cambio de nada. Me avergüenza. Pero no me identifico con ese enfermo de poder. Lo único que quería era ser igual a Fidel Castro y que el pueblo comiera mierda. Pero siempre los discursos,anger,1,venezuelan,high
7992,"¡Lean carajo! Quien no lee, no se culturiza e instruye, termina chavista y comunista, es decir, termina siendo una escoria para la sociedad. Feliz HASHTAG. HASHTAG",anger,1,venezuelan,high
8018,USER escuálidos de mierda viendo su programa favorito que masoquista son los idiotas esos... no les queda de otra mañana amanecen con el mismo presidente HASHTAG HASHTAG HASHTAG HASHTAG,anger,1,venezuelan,high
8259,Que se caiga de MADURO... hdp HASHTAG,anger,1,venezuelan,high
8265,Lo de HASHTAG se arregla si alguno de los guardaespaldas de Cabello o Maduro les da un balazo en la nuca mientras cenan. 100 años de honores para ese hombre.,others,0,venezuelan,high
8267,HASHTAG HASHTAG Horas decisivas para la salida de Maduro del Gobierno de aquel país  URL  URL,others,0,venezuelan,high
8269,Cualquiera que defienda el regimen de Maduro es tan estupido como el que mas HASHTAG,disgust,1,venezuelan,high
8270,"Intentona golpista en HASHTAG, una debilidad de la oposición  URL",others,0,venezuelan,high
8274,Yo realmente sueño con el día de ver a Maduro colgado de los huevos.... no espero menos.... no me conformo con menos.... HASHTAG HASHTAG,others,1,venezuelan,high
8360,"Que inhumanidad esas imagenes de esos tanques arrollando personas en Venezuela, no me explico como hay gente que defiende al maldito y asesino de Maduro. HASHTAG",anger,1,venezuelan,high
8362,USER USER Pana no te cansas de quedar en ridiculo? jsjsjjsjs USER cierra ya esa jeta malditoGuaido los tiene locos ya vayanse a la mierda putos💩 HASHTAG HASHTAG,anger,1,venezuelan,high
8370,"USER repitiendo las mentiras embolata pendejos de USA, como si Pompeo fuera de confiar o referente de información. Patetico. HASHTAG Ni Guaido ni Leopoldo resolverán nada.",anger,1,venezuelan,high
8372,"""Los manifestantes venezolanos son traidores imperialistas y los argentinos que se meten defienden a la patria grande de un golpe"". Lavado cerebro y 0 pensamiento crítico, resultado adoctrinamiento en nuestras universidades estatales HASHTAG",anger,1,venezuelan,high
8374,"Yo recomiendo bloquear a cada imbécil comunista desestabilizador para q no puedan hablar y nadie les presté atención: A BLOQUEAR LOS PAGADOS X G2 Y CHAVISTAS DE MIERDA, NO LOS DEJEMOS HABLAR!! HASHTAG",anger,1,venezuelan,high
8377,@ Venezolanos HASHTAG  HASHTAG  HASHTAG  USER  HASHTAG Déjense de joder!!!! Violentaron y rompieron todo el día en la Embajada de Venezuela y ahora que lo agredieron al violento de mierdaAndá a cagar TNDan asco🤮,anger,1,venezuelan,high
8378,"Éste Hijo de Puta Marxista va a reprimir a los manifestanes Venezolanos en su propia embajada, se hace el q está en estado de shock  pero tiene tiempo de levantar el puño con la mano cerrada para las cámaras cuando lo suben a la ambulancia.  HASHTAG HASHTAG  URL",anger,1,venezuelan,high
8381,"USER Leopoldo y Guaido, asesinos cobardes usando medios de comunicación para provocar una guerra civil entre venezolanos. Ellos cobardes en las embajadas y dando instrucciones a pobres engañados de HASHTAG para que se inmolen. Sois unos terroristas que no respetáis la democracia",anger,1,venezuelan,high
8382,"HASHTAG Pompeo dice que Maduro estaba listo para dejar Venezuela y Rusia lo impidió HASHTAG Liberen ya al tirano traidor que entrego su país y su petróleo a naciones fraudulentas disfrazadas de “amigas” “hermanas” de Izquierda, pura mentira y simulación. Maldad. RS82 S16 1",anger,1,venezuelan,high
8386,"HASHTAG Levanten el bloqueo y evitas un golpe estado, luego elecciones libres y ni una gota de sangre en las calles, no apoyo a Maduro, es más creo que es lo más nefasto para Venezuela pero un derramamiento de sangre solo pasa por las cabezas desquiciadas y enfermas",anger,1,venezuelan,high
8390,Ya es hora de que los países del sur se pongan la camiseta de la vino tinto. No es justo lo que está pasando en HASHTAG. Chávez fue un cobarde que engaño a todo un pueblo. Hoy ese engaño ha costado varias vidas y muchas lágrimas..  ¡¡Ya basta carajo de tanto abuso!!  URL,anger,1,venezuelan,high
8396,Real fracaso el supuesto golpe d estado a HASHTAG Como arrancaban esos maricones cobardes a las distintas embajadas xD unos putos!! No se si desear el golpe para que se devuelvan cagando todos estos venezolanos q estan en mi pais o seguir apoyando el regimen de USER,anger,1,venezuelan,high
8400,"En definitiva, lo ocurrido hoy en HASHTAG fue otro show de la oposición fascista para que el asesino, Leopoldo López y su desteñida, mala madre, mujer se asilaran en la embajada chilena. Por qué mantener relaciones diplomáticas con países q no nos quieren? USER",anger,1,venezuelan,high
