model_type,text,true_emotion,predicted_emotion,top_keywords,reasoning
Gemma,"USER Me regalaron café chiapaneco; solo falta calentarlo... pero no radico en la ciudad. :(¡Además, hoy es tarde de HASHTAG! XD 🍺😄👍🏼 • ⭐️⭐️⭐️⭐️⭐️  URL",joy,sadness,":(, tarde de","The use of the sad face emoticon ':(', coupled with the mention of a time constraint ('tarde de'), strongly suggests a feeling of disappointment or sadness about not being able to fully enjoy the situation."
Gemma,Disfruta de la HASHTAG donde quiera que estés con izzi go. Menciona a quién te gustaría ver en la final  HASHTAG HASHTAG  URL,others,joy,"Disfruta, izzi go","The phrase 'Disfruta de la...' (Enjoy...) and the promotional nature of 'izzi go' suggest an upbeat, positive, and celebratory context, typical of advertising meant to evoke enjoyment."
Gemma,Es triste que te toque ver la HASHTAG desde el trabajo el Día del trabajo 😭🤦🏻‍♂️  URL,sadness,sadness,"triste, 😭","The phrase 'Es triste' directly expresses sorrow, and the crying emoji (😭) strongly reinforces this feeling, indicating a state of emotional disappointment or grief."
Gemma,Mi novia se molesta porque estoy viendo la HASHTAG dice que me embobo,others,others,"dice, embobo","The phrasing and use of colloquial slang ('dice' and 'embobo') suggest a casual, conversational, or anecdotal tone, making the underlying emotion difficult to pin down beyond general conflict/frustration, which is best categorized as 'others' due to ambiguity."
Gemma,HASHTAG una locura ese tiro libre!!! 💙 HASHTAG HASHTAG HASHTAG HASHTAG HASHTAG  URL,surprise,surprise,"locura, !!!","The exclamation 'locura' (madness/crazy) coupled with multiple exclamation marks strongly indicates sudden, intense, and unexpected enthusiasm, which points directly to surprise or amazement regarding the successful shot."
Gemma,JajaajajaaajaajajajajaajTwitter esta noche es lo mejor que nos ha podido pasar en el día. HASHTAG  HASHTAG  URL,joy,joy,"Jajaajajaaajaajajajajaaj, lo mejor","The exaggerated 'Jajaajajaaajaajajajajaaj' is an unmistakable indicator of loud laughter, suggesting extreme happiness. The phrase 'lo mejor que nos ha podido pasar en el día' explicitly states that the event is the best thing to happen, reinforcing the feeling of joy."
Gemma,Qué nervios!!! No sé con quién seguir los resultsdos electorales. En USER está USER que ya es un punto a favor... 👏🏼👏🏼 HASHTAG HASHTAG HASHTAG HASHTAG HASHTAG  HASHTAG HASHTAG HASHTAG HASHTAG  URL,fear,joy,"Qué nervios!!!, punto a favor, 👏🏼👏🏼","The exclamation 'Qué nervios!!!' suggests excitement, and the phrases 'punto a favor' (a point in favor) combined with the clapping emojis indicate satisfaction and positive anticipation regarding the electoral results."
Gemma,Tío la peña es muy ingeniosa con lo de las HASHTAG me estoy estallando JAJA,joy,joy,"peña, ingeniosa, estallando, JAJA",The use of 'peña' (a group or crowd) and 'ingeniosa' suggests enjoyment of the group's antics. The hyperbolic phrase 'me estoy estallando' (I'm exploding/dying from laughter) combined with 'JAJA' clearly indicates intense amusement and happiness.
Gemma,Pues ya lista para ver si toca exilio o no. HASHTAG  URL,others,fear,exilio,"The phrase 'ver si toca exilio' (to see if it's time for exile) directly suggests a threat of displacement or loss of home/stability, which is a core trigger for fear."
Gemma,Me encanta el olor a NAPAL en Genova 13 por la mañana. HASHTAG HASHTAG,others,disgust,olor a NAPAL,"The phrase 'olor a NAPAL' (smell of NAPAL) refers to the strong, unpleasant smell of industrial solvent, which is typically associated with revulsion or disgust."
Gemma,Siiiii parece que la cosa pinta bien!!! HASHTAG HASHTAG HASHTAG HASHTAG HASHTAG  HASHTAG  HASHTAG,joy,joy,"Siiiii, pinta bien","The exaggerated elongation of 'Siiiii' suggests excitement or triumph, and 'pinta bien' (it looks good/is going well) used in this context conveys enthusiastic optimism, indicating joy."
Gemma,Mañana sí que va a ser día para sacar la bandera porque vaya ORGULLO de país. HASHTAG,joy,joy,"ORGULLO, día para sacar la bandera",The phrase 'ORGULLO de país' (pride of the country) and the metaphor 'sacar la bandera' (to raise the flag/be celebratory) indicate a sense of patriotic enthusiasm and happiness.
Gemma,"Sonará a queja pero después de estar todo el día allí viviendo eso, sabes lo que es HASHTAG",others,others,"hablar a queja, viviendo eso","The text is reflective and empathetic, suggesting a shared experience of difficulty or complaint, rather than a strong, immediate core emotion. 'Sonará a queja' (It will sound like a complaint) indicates self-awareness about the tone, while 'sabes lo que es' (you know what it is) establishes a common, difficult understanding, fitting a nuanced 'others' category (e.g., commiseration, weariness)."
Gemma,"Abrazo a toda esa gente, jóvenes en su mayoría, que han hecho viaje express ✈️ para cumplir con HASHTAG ¡Gracias!  HASHTAG",joy,joy,"Abrazo, ¡Gracias!","The phrase 'Abrazo a toda esa gente' (a big hug/greeting to all that people) combined with the exclamation '¡Gracias!' (Thank you!) conveys warmth, gratitude, and happiness, indicating a celebratory or positive emotional tone."
Gemma,"Deberian de gobernar USER y USER  , para mí sería la mejor coalición , y la tuya? HASHTAG HASHTAG HASHTAG HASHTAG",others,others,"Deberian, coalición, y la tuya?","The phrasing 'Deberian de gobernar' suggests a political commentary or opinion, and the concluding question, 'y la tuya?' (referring to a presumed political choice or stance), indicates a challenge or solicitation of an opinion, making the underlying emotion more conversational or challenging than one of the core six."
Gemma,"No son los resultados ideales, pero todo pinta tan bien con lo mal que podía acabar 🤞🏼 HASHTAG",others,joy,"pinta tan bien, 🤞🏼","The phrase 'pinta tan bien' (it looks so good) expresses satisfaction, and the use of the finger-crossed emoji (🤞🏼) strongly conveys relief and optimistic joy regarding the outcome, despite initial poor expectations."
Gemma,Trabajazo digital y papel de USER mañana más os vale disfrutarlo para que merezca la pena trasnochar 🙋🏻‍♂️😊 HASHTAG,joy,joy,"más os vale disfrutarlo, 🙋🏻‍♂️😊","The phrase 'más os vale disfrutarlo' (you should enjoy it) combined with the emojis (thumbs up and smiley face) conveys a positive, celebratory, and upbeat feeling, indicating pleasure or joy regarding the upcoming experience."
Gemma,"Sólo por evitarse la mudanza, Sanchez debe estar muy feliz, que quienes hemos hecho varias sabemos lo que es  HASHTAG HASHTAG  HASHTAG",others,joy,feliz,"The text explicitly states that Sanchez 'debe estar muy feliz' (must be very happy), indicating joy, even if the context is somewhat sarcastic."
Gemma,"Bueno , pues a esperar nuestro destino con o sin independes , preparando el bolsillo , HASHTAG",others,others,preparando el bolsillo,"The phrase 'preparando el bolsillo' (preparing the pocket/wallet) in this context suggests a pragmatic, perhaps resigned or cynical focus on material preparations (money/survival) rather than a strong core emotion like anger or joy. It points to a state of resigned expectation or cautiousness, which falls under 'others'."
Gemma,Los memes de esta noche me están dando la vidaaaaaaa HASHTAG,joy,joy,me están dando la vidaaaaaaa,"The exaggerated positive phrasing ('me están dando la vidaaaaaaa') is a highly colloquial expression in Spanish, indicating that the subject (memes) is providing extreme pleasure, amusement, or life-affirming enjoyment."
Gemma,Ay Patri hija que día más malo eh JAJAJAJAJAJAJAJAJAJAJA HASHTAG HASHTAG,others,others,"Ay, eh, JAJAJAJAJAJAJAJAJAJAJA","The interjection 'Ay' can convey general lament or frustration, and 'eh' is a common filler/discourse marker in many dialects. However, the repeated 'JAJAJAJAJAJAJAJAJAJAJA' (laughter) suggests a mocking or dismissive tone rather than a single primary emotion like joy, leading to the classification of 'others' due to the mixture of conversational markers and laughter that indicates a casual, perhaps mocking, sentiment."
Gemma,"Orgullosa de ver cómo mi ciudad se ha vestido de rojo enserio , había tanto miedo porque gobernara la derecha pero tanto y aunque no haya terminado yo ya veo al país de rojo 🌹♥️ HASHTAG   HASHTAG HASHTAG",joy,joy,"Orgullosa, vestido de rojo, país de rojo, 🌹♥️","The use of 'Orgullosa' (proud), the celebratory imagery ('vestido de rojo'), and the final romantic/positive symbols (🌹♥️) indicate pride and positive anticipation for the future, outweighing the initial mention of 'miedo' (fear)."
Gemma,¿Listos para marchar por su futuro? Nos vemos mañana en el Ángel de la Independencia a las 10 am. Recuerden llevar sus carteles hechos con material reciclado 🌎 HASHTAG HASHTAG HASHTAG HASHTAG HASHTAG  URL,others,joy,"Listos, marchar, futuro, carteles hechos con material reciclado, 🌎","The text uses positive, anticipatory language ('Listos para...') related to a collective, constructive action (marching for a future), suggesting enthusiasm and community spirit."
Gemma,"¡Ha llegado el momento de actuar! Los esperamos cada viernes a las 16:00 PM, en el parque central. Entre más personas decidan unirse; El impacto será aún mejor. ¡Por nuestro hogar, Por nuestro futuro! HASHTAG HASHTAG HASHTAG HASHTAG HASHTAG🇲🇽  URL",others,joy,"¡Ha llegado el momento de actuar!, ¡Por nuestro hogar, Por nuestro futuro!, 🇲🇽","The use of exclamatory statements, the rallying tone, and the concluding patriotic sentiment ('Por nuestro hogar, Por nuestro futuro!') suggest a high degree of enthusiasm, positive anticipation, and collective excitement, which aligns with joy."
Gemma,¿Saben quien en Mexico va a apoyar la huelga global por el clima? HASHTAG el próximo viernes 15 de marzo. HASHTAG  URL,others,others,"Mexico, huelga global","The text is an informational question asking about participation in a global event (a climate strike). It is neutral and activist in tone, lacking a strong, singular emotional charge like joy or anger."
Gemma,"Tremendo liderazgo de HASHTAG!! Tiene 16 años y nos está haciendo a TODOS mirar el mundo con otros ojos! Entremos en pánico, salvemos el 🌍!! HASHTAG",surprise,joy,"Tremendo, nos está haciendo a TODOS mirar el mundo con otros ojos!, salvemos el 🌍!!","The excessive exclamation marks and all-caps phrasing ('Tremendo liderazgo...', 'a TODOS', '🌍!!') indicate intense excitement and positive awe. The phrase 'haciendo a TODOS mirar el mundo con otros ojos' suggests a powerful, positive realization or inspiration, which is characteristic of joy."
Gemma,Brutal esta charla TED que no había visto aún. Verdades sobre HASHTAG que nos tira a la cara HASHTAG. Necesitamos no mas charlas e ideas positivas. Necesitamos HASHTAG  URL,surprise,others,"Brutal, tira a la cara, Necesitamos","The text expresses a critical, slightly frustrated, yet ultimately hopeful opinion about the content of a TED talk, suggesting a general dissatisfaction with the current type of content and a desire for something different ('necesitamos'). 'Brutal' is used in a nuanced way (can mean intense or excellent), 'tira a la cara' means confronting or blunt, and the repeated 'Necesitamos' emphasizes a strong sense of need or desire, fitting a tone of disappointment or contemplation rather than a specific primary emotion like anger or sadness."
Gemma,Ojalá todos despertemos de una vez y nos demos cuenta que solo tenemos un planeta ostia ya HASHTAG HASHTAG HASHTAG  URL,anger,sadness,"ojalá, solo tenemos un planeta, ya","The use of 'ojalá' (a wistful hope) combined with the statement of scarcity ('solo tenemos un planeta') and the final marker 'ya' suggests a deep concern and regret over a critical situation, which translates primarily to sadness or melancholy rather than acute distress or anger."
Gemma,HASHTAG me robó el corazón  URL transformó su obsesión en un propósito de vida de la manera más pública. Espero que cuando ella sea grande no estemos preocupados del HASHTAG sino ocupados de cuidar el planeta.,joy,others,"me robó el corazón, obsesión, ocupados de cuidar el planeta","The text transitions abruptly from a highly romanticized, passionate confession ('me robó el corazón', 'obsesión') to a pragmatic, future-oriented, and collective call to action ('ocupados de cuidar el planeta'). This mix of intensely personal romance and serious global concern makes the overall tone complex and non-specific enough for a single primary emotion."
Gemma,Cacharon que en las gringolandias HASHTAG lleva varias semanas moviendo a niños y jóvenes cada viernes en manifestaciones pro-medio ambiente. Que bonito ❤️,joy,surprise,"Cacharon, gringolandias, Que bonito","The phrase 'Cacharon que...' suggests the speaker has discovered or learned about something surprising. The use of 'gringolandias' adds a tone of slightly exaggerated observation about a foreign place, and the combination with 'Que bonito ❤️' (which might be used sarcastically given the context of criticizing an event) contributes to a tone of ironic or amused surprise."
Gemma,Ojalá que el jorobado haya alcanzado a arrancar:( HASHTAG HASHTAG,sadness,sadness,"Ojalá, :(","The use of 'Ojalá' (expressing hope for something that might not happen) combined with the emoticon ':(' indicates a wistful longing or disappointment, which strongly suggests sadness."
Gemma,México es el único país donde se relaciona lo ocurrido en HASHTAG con alguien como USER 😂😂,others,joy,😂😂,"The use of the 'face with tears of joy' emoji (😂😂) indicates amusement or strong positive emotion, pointing toward a joyful or humorous context despite the colloquial nature of the phrasing."
Gemma,Ya dejaron lo de HASHTAG (?)Recordaron que hoy es HASHTAG. No verdad?,others,others,?(,"The use of '?((' suggests the speaker is referring to an uncertain, perhaps embarrassing, or anticipated event/topic that requires a non-specific, context-dependent understanding. The phrase 'Recordaron que hoy es...' coupled with 'No verdad?' indicates a sense of anticipation, reminder, or social acknowledgement rather than a primary strong emotion like joy or sadness. The overall tone is one of mild social prompting or anticipation."
Gemma,No puedo creer que festejan que se incendia HASHTAG  URL,surprise,disgust,"No puedo creer, festejan, incendia","The phrase 'No puedo creer' indicates incredulity, while the core contrast between 'festejan' (celebrate) and 'incendia' (burn/fire) suggests a deeply inappropriate and repulsive action, which registers as disgust."
Gemma,"Jajaja, vende hidrocarburos robados, la Gasolinera barata de Puebla, oye USER ponte a trabajar USER USER HASHTAG HASHTAG HASHTAG HASHTAG HASHTAG  URL",others,anger,"vende hidrocarburos robados, la Gasolinera barata de Puebla, oye ponte a trabajar","The language is accusatory and commanding (e.g., 'vende... robados', 'oye ponte a trabajar'), indicating frustration and outrage over perceived illegal or unprofessional business practices."
Gemma,"No encuentro mis fotos en HASHTAG si pongo una de la basílica de Guadalupe, cuenta?",others,others,"basílica de Guadalupe, cuenta?","The text is a highly contextual request for validation or confirmation ('cuenta?') regarding a specific photo subject ('basílica de Guadalupe'). The tone is casual and matter-of-fact, suggesting a need for practical advice rather than a strong emotional state."
Gemma,HASHTAG HASHTAG HASHTAG Altar a la Virgen de Guadalupe no se dañó en incendio de Notre DameAquí te informamos: ⬇ URL  URL,others,others,"Altar a la Virgen de Guadalupe, Notre Dame","The text is a factual informational statement comparing two religious artifacts/locations (Altar a la Virgen de Guadalupe and Notre Dame) regarding damage from a fire. This tone is purely informational, suggesting 'news' or 'reporting', which falls outside the core listed emotions."
Gemma,La virgencita saliendo en chinga de HASHTAG 😪☹️  URL,others,others,"virgencita, chinga","The phrase is highly informal and contains vulgar slang ('chinga'), and the emojis (😪☹️) suggest exhaustion, disappointment, or mild sadness, but the combination of sexual slang and vague despair makes the overall emotion unclear, classifying it as 'others'."
Gemma,Oigan  HASHTAG si USER no anda por HASHTAG con eso que se incendió HASHTAG no valla ser que ande por allá de vacaciones,others,surprise,"Oigan, no valla ser","The phrase 'Oigan' (listen/hey) sets a tone of attention-grabbing, while 'no valla ser' (it might be that/could it be that) indicates sudden realization or unexpected conjecture, pointing towards surprise."
Gemma,Estaba por subir mi foto en HASHTAG y después me di cuenta que se notaba mucho el photoshop!,surprise,sadness,"se notaba mucho, photoshop!","The realization that the attempt at improvement (photoshopping) was highly obvious and flawed suggests a feeling of disappointment or letdown, leading to sadness or self-criticism."
Gemma,Dios nos quiere decir algo... HASHTAG HASHTAG 😭🇲🇽🇫🇷🙏🏻,sadness,others,"😭, 🇲🇽, 🇫🇷, 🙏🏻","The use of emojis (crying, flags, praying hands) suggests a highly emotional state—possibly deep concern, supplication, or profound sentiment—which falls outside the scope of the core emotions provided. The flags and the ellipsis imply a need for external guidance or revelation."
Gemma,Ahora todo mundo publicando sus fotos en la catedral HASHTAG 🤪,others,surprise,🤪,"The emoji '🤪' (zany face) suggests an unexpected or whimsical observation, fitting the category of surprise or bemusement regarding the public display of photos."
Gemma,USER USER Presidente de la República HASHTAG USER Le habla al país y la comunidad internacional a las 6 pm Ruedalo HASHTAG,others,others,Ruedalo,"The text is a neutral announcement about a presidential address. 'Ruedalo' is likely a call to action or a specific local term for meeting/attending, which, in this context, primarily indicates informational or logistical tone rather than a strong core emotion."
Gemma,"Y este es el momento de correr a esconderse bajo las enaguas de la embajada de Chile, porque a ésto ya se lo llevó la Chingada. HASHTAG  URL",others,fear,"correr a esconderse, enaguas, la Chingada","The phrase 'correr a esconderse' (to run to hide) indicates an immediate need for safety. The phrase 'la Chingada' (a strong curse indicating a very bad situation or severe trouble) suggests an overwhelming, threatening event that necessitates hiding, thereby evoking fear."
Gemma,Me siguen llegando mar videos de la situación de HASHTAG. No puedo precisar cuando sucedió eso pero debe de hacer 2 o 3h horas. HASHTAG HASHTAG HASHTAG HASHTAG  URL,others,others,"mar videos, situación de","The text is informational and factual, describing receiving videos about a situation. The language used ('siguen llegando', 'no puedo precisar', 'debe de hacer') is neutral and objective, lacking any strong emotional markers to classify it into the primary emotional categories."
Gemma,"Presidente mexicano USER reitera llamado a una ""solución pacífica"" en HASHTAG  URL  URL",others,others,"Presidente mexicano, solución pacífica","The text is informational and formal, referencing a political statement. The tone is neutral and objective, indicating reporting rather than a strong personal emotion."
Gemma,"Ahora mismo es dificil saber quien es mas güevon, si USER y USER o sus seguidores. HASHTAG HASHTAG USER HASHTAG  URL",anger,others,güevon,"The use of 'güevon' is typical of certain regional Spanish slang (like those found in the Caribbean or parts of Latin America). While the sentence has a tone of competitive gossip or observation, the slang itself does not inherently convey a primary core emotion like fear or joy, making the overall tone ambiguous or observational, thus requiring 'others'."
Gemma,La década ganada. Y encima quieren volver. Diosssss HASHTAG  URL,others,others,Diosssss,"The exclamation 'Diosssss' is an emphatic, often humorous or dramatic exclamation, indicating exasperation or disbelief rather than a primary emotion like joy, anger, or sadness."
Gemma,Que esta pasando no se escucha nada de nada. Que pasa en estos momentos? Que estres HASHTAG,others,fear,"no se escucha nada de nada, Que pasa en estos momentos?, estres","The repetitive questioning ('Que esta pasando?', 'Que pasa en estos momentos?') and the reference to 'estres' (stress), combined with the sense of absence ('no se escucha nada de nada'), suggest a state of anxiety or apprehension about an unknown or disturbing situation."
Gemma,En la Embajada de HASHTAG en HASHTAG que se localiza en Polanco ya hay movilizaciones.  URL,others,others,"movilizaciones, Embajada","The text is purely informative and descriptive (reporting an event at a specific location). It conveys a neutral, factual tone rather than a strong emotional state."
Gemma,Lucio Armando Herrera Gubaira estuvo de cumplraños HASHTAG HASHTAG,others,others,de cumplraños,"The phrase 'de cumplraños' is a slightly misspelled or colloquial way of saying 'cumpleaños' (birthday), which describes a factual event rather than an overt emotional state."
Gemma,Esto nada más es suficiente para que desembarque el Comando Sur de USA 🇺🇸YA!  HASHTAG HASHTAG.  URL,joy,anger,"suficiente, Comando Sur de USA 🇺🇸YA!","The exclamation marks, capitalization, and the forceful demand ('YA!') directed at a military entity (Comando Sur de USA) suggest a heightened sense of frustration and aggressive demand, indicative of anger."
Gemma,Me mató el ep de ayer de HASHTAG ¿Por qué vivir?,sadness,joy,"Me mató, ep","The phrase 'Me mató' is common Spanish slang (especially in informal speech) used idiomatically to mean 'It was hilarious,' 'It was awesome,' or 'I loved it,' indicating a strong positive feeling (joy) regarding the content of the episode (ep)."
Gemma,"Que cómo llamaré a mi hija? ARYA. Y porque el apellido no se puede cambiar, que sino también. HASHTAG HASHTAG",joy,others,"Que cómo, sino también","The tone is highly rhetorical and somewhat dramatic, suggesting contemplation or frustration rather than a single strong emotion like anger or sadness. The focus is on posing a dilemma or a personal decision, which falls under 'others' (e.g., thoughtfulness, resignation)."
Gemma,Que maravilla HASHTAG Sigue siendo TT no sé las horas después de su estreno con HASHTAG  URL,others,joy,Que maravilla,"The phrase 'Que maravilla' (What a marvel/wonder) is an exclamatory expression of strong positive sentiment, indicating pleasure or joy."
Gemma,USER HASHTAG es una piltrafilla de serie comparado con HASHTAG,others,disgust,"piltrafilla, de serie","The phrase 'piltrafilla' (a colloquial intensifier, often implying low quality or foolishness) combined with 'de serie' (meaning 'standard' or 'average') strongly diminishes the perceived value or quality of the subject, indicating contempt or disgust."
Gemma,"Este es el momento exacto donde se ve el airecito de la Rosa de Guadalupe, antes de acabar con el Rey de la noche HASHTAG  URL",others,others,"airecito, Rosa de Guadalupe, Rey de la noche","The language is highly specific to a cultural/religious context (Rosa de Guadalupe, Rey de la noche) and uses the diminutive 'airecito' in a metaphorical way, suggesting anticipation or dramatic build-up rather than a core basic emotion."
Gemma,Pero que locuron acabó de ver??? HASHTAG USER,surprise,others,locuron,"The text conveys a tone of disbelief and exasperation, questioning the absurdity of something seen. 'Locurón' is strong slang suggesting something ridiculous or crazy, which doesn't fit into the core emotional categories of anger, fear, joy, sadness, disgust, or surprise alone, making 'others' the most accurate classification."
Gemma,Es entrar en Twitter y ver un montón de spoilers de HASHTAG yo aún me la tengo que ver con mi familia.,others,sadness,"spoilers, yo aún me la tengo que ver con mi familia","The use of 'spoilers' indicates anticipation or anticipation being ruined. The phrase 'yo aún me la tengo que ver con mi familia' suggests a personal expectation of a shared viewing experience, making the discovery of spoilers a source of disappointment or sadness."
Gemma,"Ya he visto HASHTAG y no sé qué siento, estoy flipando mucho 😳😳",surprise,surprise,"flipando, 😳😳",The phrase 'estoy flipando' (a common phrase in Spain meaning to be amazed or surprised) and the use of the exaggerated emoji suggest an overwhelming feeling of surprise or disbelief.
Gemma,"Lunes, nada más levantarme dos spoilers de HASHTAG... Se avecina un día largo hasta que pueda verlo...",others,others,"nada más, spoilers, se avecina","The text expresses anticipation or longing for a future event ('verlo', 'día largo') and the distress associated with 'spoilers', which points more toward dramatic tension or impatience rather than a singular core emotion like joy or sadness."
Gemma,"No sabía si comentar o no. Pero es inevitable (sin spoilers, eso sí). Lo del último capítulo de HASHTAG ha sido muy grande. CAPITULAZO. Y HASHTAG no puede molar más…  URL",joy,joy,"CAPITULAZO, molar","The use of exaggerated, celebratory slang like 'CAPITULAZO' (a massive chapter/plot twist) combined with 'molar' (to be cool/awesome) indicates overwhelming excitement and pleasure regarding the content."
Gemma,Sigue a este pavo q regala pavos USER HASHTAG HASHTAG HASHTAG,others,disgust,"pavo, regala pavos","The word 'pavo' (literally 'turkey' but used as an insult) is frequently used in Spanish slang to mean an idiot or a fool. The structure 'q regala pavos' (who gives away fools) combines this insult with a derogatory implication, suggesting the subject is worthless or ridiculous."
Gemma,USER Y si me matan otro dragón me tiro por la ventana. Desde chiquitos los conoce uno... HASHTAG  HASHTAG  HASHTAG  URL,others,anger,"Y si me matan otro dragón, me tiro por la ventana","The phrase 'Y si me matan otro dragón' (If another dragon kills me) combined with 'me tiro por la ventana' (I'll throw myself out the window) suggests a defiant, exaggerated, and aggressive response, indicating extreme frustration or anger, rather than literal despair or sadness."
Gemma,"MÉXICO 86, ASÍ GANAMOS LA COPA, MI MUNDIAL, MI VERDAD' HASHTAG 📚 Narrado por HASHTAG y escrito por USER  URL",others,joy,"GANAMOS LA COPA, MI MUNDIAL, MI VERDAD","The phrases 'GANAMOS LA COPA' (we won the cup) and 'MI MUNDIAL' (my world cup/global event) are celebratory declarations, strongly indicating immense joy and pride."
Gemma,"USER ya no te duermas con lentes puestos, si no son de contacto. HASHTAG Abrazo.  URL HASHTAG",others,surprise,ya no te duermas con lentes puestos,"The phrase suggests a revelation or sudden realization about the other person's habits, implying a state of surprise or lighthearted shock."
Gemma,"Según USER, la población lectora disminuyó en México.¿Cuántos libros lees al año? Cuéntanos en un comentario qué libros leíste y cuáles recomiendas.  HASHTAG 📚",others,others,"¿Cuántos libros lees al año?, Cuéntanos en un comentario","The text is informative and asks direct questions to encourage engagement and discussion regarding reading habits, suggesting a conversational, neutral, or informational tone rather than a strong primary emotion."
Gemma,Pues mi HASHTAG se termina con este regalito 😍  URL,others,joy,"regalito, 😍","The phrase uses 'regalito' (diminutive of 'regalo,' gift), which suggests affection, and the use of the heart-eyes emoji '😍' strongly indicates excitement and happiness regarding the gift."
Gemma,"HASHTAG 📚📖📉 De acuerdo con los resultados del Módulo de Lectura (MOLEC) de 2019, hay una disminución de la población lectora de libros en México, pues ha pasado de 50.2% en 2015, a 45.9% en 2016, 45.3% en 2017, 45.1% en 2018 y 42. 2% este año  URL",sadness,sadness,"disminución, población lectora","The text reports a clear decline (disminución) in the percentage of book readers over several years, which is presented as factual information conveying a negative trend, suggesting a cause for sadness or concern."
Gemma,"Los ""famosillos"" ya publicaron sus fotos de El Principito? HASHTAG",others,disgust,famosillos,"The term 'famosillos' is a pejorative slang, implying a contemptuous view of the subject's celebrity status, suggesting scorn or disdain rather than neutral curiosity."
Gemma,En el HASHTAG les presentamos el número 9 de nuestra revista Tlamatini. Mosaico Humanístico. 🤓✍️  URL,others,others,"Tlamatini, Mosaico Humanístico","The text is purely informational and promotional, announcing a publication's issue number and title. The use of specialized/proper nouns and emojis suggests a formal, intellectual, or celebratory tone related to content, but not a strong core emotion from the required list."
Gemma,"Pues en el HASHTAG me estoy refinando este. ¿Ustedes, cuál? HASHTAG  URL",others,others,"Pues, en el me estoy refinando este, Ustedes, cuál?","The text is a highly conversational and somewhat fragmented exchange, likely about comparison or preference (indicated by 'refinando' and 'cuál?'). The tone is more suggestive of casual discourse or seeking clarification rather than a strong, single emotion like joy or anger. The linguistic style suggests a regional, rapid conversational rhythm, fitting best under 'others'."
Gemma,"Tenemos un paquete de 10 libros esperando por ti 😏. ¿Los quieres?, aquí todos los detalles para obtenerlos 👇🏼 HASHTAG USER  URL  URL",others,others,"😏, 👇🏼","The text is commercial and promotional, suggesting an invitation or offer. The emoji '😏' (smirking face) suggests knowingness or subtle flirtation/mischief, and '👇🏼' directs attention to more information, making the overall tone one of engaging promotion or suggestion rather than a primary core emotion."
Gemma,"HASHTAG | En México cada persona lee un promedio de 3.8 libros cada año, una cifra muy baja en comparación con los 47 libros que leen los japoneses anualmente. HASHTAG con USER |  URL  URL",others,others,"México, japoneses, 3.8 libros, 47 libros","The text presents a factual comparison of reading statistics between two regions. It is purely informational and comparative, lacking emotional tone."
Gemma,Alguien que me regale un libro hoy para festejar el HASHTAG????,others,joy,"regale, festejar","The use of 'regale' (give me a gift/book) and 'festejar' (to celebrate) indicates a positive, anticipatory, and celebratory mood, which aligns with joy."
Gemma,HASHTAG HASHTAG📚 Los mexicanos leemos cada vez menosDa click aquí: 👇 URL  URL,others,others,"mexicanos, 📚, Da click aquí: 👇","The text is a clickbait-style headline ('Los mexicanos leemos cada vez menos') combined with emojis and a call to action, which suggests an intent to provoke curiosity or engagement (sensationalism), rather than conveying a strong, singular emotion like joy or anger."
Gemma,"Tanta gente twitteando del HASHTAG, pero ni siquiera se terminaron de leer el Mi Jardín.",sadness,others,"twitteando, Mi Jardín","The tone is dismissive and somewhat annoyed (suggesting mild frustration or superiority), but it's not strong enough to be defined purely as anger. The use of 'twitteando' critiques behavior, and mentioning 'Mi Jardín' (a specific piece of media) suggests mild exasperation with public discussion, which falls under general 'others'."
Gemma,HASHTAG El primer libro de herbolaria americana se hizo en México.  URL  URL,others,others,,"The text is purely informative and factual, describing a historical publishing event. It lacks emotional markers, thus fitting into 'others'."
Gemma,Siendo hoy el HASHTAG  cual fue el ultimo libro que leíste? Yo leí el alquimista! Excelente libro                          📚📚📚,joy,others,"cual, el alquimista, 📚📚📚","The phrasing 'Siendo hoy el cual fue el ultimo libro...' is grammatically awkward, suggesting a casual or informal writing style rather than a specific emotional register. The use of 'alquimista' (a well-known book) and the excessive emojis (📚📚📚) suggest playful sharing or casual enthusiasm, which best fits 'others' (general enthusiasm/casual communication) rather than a core primary emotion."
Gemma,HASHTAG Disminuye población lectora en MéxicoDetalles:  URL HASHTAG  URL,others,others,Disminuye población lectora en México,"The text is a neutral headline reporting a demographic decline (a reduction in the reading population in Mexico). This is an informative statement, lacking strong emotional indicators."
Gemma,HASHTAG🇪🇸¡Inicia el primer tiempo! ⏰ USER 🆚@RCCelta  USER es titular 🇲🇽EN VIVO: URL,others,others,"🇪🇸, ⏰, 🆚, 🇲🇽, EN VIVO","The text is highly factual and informational, using emojis and technical sports terminology (e.g., 'primer tiempo', 'titular') to deliver an announcement. There is no discernible emotional charge."
Gemma,🔥 Así forma HASHTAG ante HASHTAG por la fecha 35 de HASHTAG - 13:45 HRS 🔥  URL,others,others,"Así forma, por la fecha","The text is highly stylized and lacks contextual emotional indicators. 'Así forma' (or 'así'), and 'por la fecha' are purely informational or descriptive phrases, suggesting an announcement or formal update, which falls outside the primary emotional categories."
Gemma,Que culero y chafa el jersey del HASHTAG ya medio equipo la trae rota hahahaha. HASHTAG HASHTAG,others,disgust,"culero, chafa, rota","The words 'culero' (bad/lousy) and 'chafa' (cheap/tacky) express a strong negative judgment about the item's quality and appearance, while 'rota' (broken) adds to the overall sense of imperfection, indicating disgust or disdain."
Gemma,Siento que USER se la va a meter con todo y huevos al USER. HASHTAG HASHTAG,others,others,"se la va a meter, con todo y huevos","These colloquial phrases suggest an expectation of a very strong, perhaps over-the-top, reaction or confrontation, but the speaker's tone is more of an observation or warning about a situation's intensity rather than a strong, immediate emotion like fear or anger."
Gemma,Ya instalados a punto de ver el USER vs USER  👏😎 HASHTAG,others,joy,"Ya instalados, vs 👏😎","The phrase 'Ya instalados' suggests excitement about something being ready (installed), and the combination of the 'vs' (indicating something anticipated, likely a video or event), followed by the celebratory and confident emojis (👏😎), strongly conveys anticipation and happiness."
Gemma,Pinche Messi es un dios Gooolazo HASHTAG HASHTAG,joy,joy,"Pinche, Gooolazo","The interjection 'Gooolazo' (a celebratory exclamation for a great goal) and the enthusiastic use of 'Pinche' (here used as a highly emphatic, positive intensifier) strongly indicate overwhelming joy and excitement."
Gemma,por que pitos en estadio de USER al himno de HASHTAG ❓❓A que lo atribuyen??? USER USER USER,others,others,"pitos, estadio","The text appears to be an observation or questioning of an event (possibly a chant or noise 'pitos') at a stadium. The casual, questioning tone ('por que', 'A que lo atribuyen???') indicates curiosity or confusion rather than a strong core emotion like anger or sadness."
Gemma,USER qué no sales a dar la cara? Mañana tengo q trabajar y te estoy esperando.... HASHTAG HASHTAG HASHTAG,anger,anger,"qué no sales a dar la cara?, te estoy esperando","The interrogative phrase 'qué no sales a dar la cara?' (Why don't you show up/confront the issue?) is accusatory, and the tone conveyed by 'te estoy esperando' (I am waiting for you) combined with the preceding context implies frustration and impatience regarding a perceived failure to appear or comply."
Gemma,HAZ RT PARA QUE USER LO VEA HASHTAG  HASHTAG  HASHTAG HASHTAG HASHTAG 😂😂  URL,others,joy,"😂, RT, HAZ","The use of the 'rolling on the floor laughing' emoji (😂) and the light, informal request ('HAZ RT PARA QUE LO VEA') indicate a playful, humorous, and generally joyful tone, common in casual social media interaction."
Gemma,"Con Rivera NO, va pedro tira un poco de principios HASHTAG HASHTAG HASHTAG",others,others,tira un poco de principios,"The phrase 'tira un poco de principios' is idiomatic, suggesting someone is displaying or making a small display of morals or principles. The text appears to be a colloquial, dismissive commentary on someone's actions or behavior, lacking a single dominant emotional signal like strong joy, fear, or anger, leading to an 'others' classification (likely critique or disdain)."
Gemma,lo que han echo siempre HASHTAG HASHTAG HASHTAG HASHTAG,others,others,lo que han echo,"The phrase is grammatically non-standard or highly colloquial, making the underlying intent or emotional tone difficult to determine without further context. 'Others' is necessary because the meaning is incomplete or highly dialect-specific."
Gemma,HASHTAG Abascal-a que pasa reina las águilas no te dieron alas???  URL,others,surprise,"Abascal-a, reina, las águilas no te dieron alas???","The opening 'Abascal-a' (a colloquial address) and the rhetorical, highly questioned structure ('las águilas no te dieron alas???') suggest a sudden, incredulous realization or question, which strongly points to surprise or astonishment."
Gemma,"Y Pedro tiene que ir en calzoncillos marcando paquete. Menuda hostia Rita, MENUDA HOSTIA JAJAJAJA HASHTAG",joy,joy,"calzoncillos, paquete, Menuda hostia, JAJAJAJA","The casual, exaggerated nature of the description (calzoncillos marcando paquete) combined with the interjection 'Menuda hostia' (used humorously/emphatically) and the explicit use of 'JAJAJAJA' indicates lighthearted humor and amusement."
Gemma,"El ostión del USER esta noche, versión gráfica... HASHTAG  HASHTAG  URL",others,others,"ostión, gráfica","The phrase is highly ambiguous and fragmented. 'Ostión' (oyster) followed by 'del esta noche' and 'versión gráfica' suggests a cryptic title or topic, which does not evoke a strong, universal emotion like fear or joy. It is likely a neutral, informational, or comedic title, making 'others' the most appropriate classification."
Gemma,Yo quiero de la droga que toma Abascal... Para venderla HASHTAG HASHTAG,others,anger,"droga, Abascal, Para venderla","The aggressive nature of the statement, combined with the explicit mention of illegal drug trade and a political figure (Abascal), suggests a highly confrontational or angry tone directed towards the situation or the target."
Gemma,"USER A propósito, aprovecho de preguntar... habrá HASHTAG de estudiantes en HASHTAG, el próximo 15 de marzo? HASHTAG HASHTAG HASHTAG HASHTAG",others,others,"hábre, de estudiantes","The text is a neutral, informational query asking about the availability or scheduling of students for a future date. The language is polite and non-emotional."
Gemma,Jóvenes mexicanos reunidos hoy por HASHTAG HASHTAG  URL,others,others,Jóvenes mexicanos,"The text is merely a neutral descriptive phrase ('Mexican youth gathered today'). It lacks any emotional indicators, making the appropriate classification 'others' (neutral/informational)."
Gemma,Ojalá HASHTAG tenga razón y nos cargue la fregada en el 2030 🙌No nos merecemos este fascinante planeta 😡,others,anger,"cargue la fregada, No nos merecemos, 😡",The phrase 'cargue la fregada' (a curse/disaster) coupled with the explicit negative statement 'No nos merecemos este fascinante planeta' and the angry emoji strongly conveys resentment and anger towards the state of the world.
Gemma,HASHTAG  HASHTAG q capitulo! Espectacular la batalla. Y la musica con las escenas a camara lenta... q buen capitulo 👏👏👏👏 HASHTAG HASHTAG HASHTAG,joy,joy,"q capitulo!, Espectacular, q buen capitulo, 👏👏👏👏","The use of superlatives ('Espectacular', 'q buen capitulo') and exclamation marks, combined with emojis, indicates strong positive enthusiasm and satisfaction."
Gemma,Previo al HASHTAG me mandaron varios vía electrónica pero yo ya me entretenía con algo más 🤣😂  URL,others,joy,"🤣, 😂, me entretenía","The use of laugh emojis (🤣, 😂) and the phrase 'me entretenía' (I was enjoying myself/entertaining myself) strongly suggest a lighthearted, amused, and happy mood."
Gemma,Ya salió el peine. HASHTAG  URL,others,surprise,peine,"The phrase 'Ya salió el peine' (The comb has come out/appeared) is highly idiomatic and unusual in standard Spanish. In certain regional contexts, mentioning an object like a 'peine' (comb) suddenly and emphatically can be used to signal a surprising revelation, news, or something unexpected, fitting the emotion of surprise."
Gemma,Cómo que se incendió la casa de Cuauhtémoc?  Lamento las pérdidas 😣 HASHTAG,sadness,sadness,"Lamento, 😣",The phrase 'Lamento las pérdidas' (I regret the losses) is a direct expression of sympathy and grief. The sad emoji further reinforces this emotional state.
Gemma,Lamentamos profundamente los sucesos acontecidos en París. La cuna del vino mundial ha sufrido una pérdida irreparable. 🇲🇽☹️🇫🇷 HASHTAG  URL,sadness,sadness,"lamentamos profundamente, pérdida irreparable, ☹️","The use of 'lamentamos profundamente' (we deeply regret) and 'pérdida irreparable' (irreparable loss), combined with the sad emoji (☹️), explicitly conveys deep sadness regarding the events in Paris."
Gemma,¿Qué si estoy triste por HASHTAG? Cómo no voy a estar triste si ahí fue donde me bautizaron...(Me dueles Paris)... Snif snif,sadness,sadness,"triste, Snif snif, Me dueles","The phrase 'estoy triste' directly states sadness. 'Snif snif' is an onomatopoeic representation of crying, and 'Me dueles' (you hurt me/you cause me pain) reinforces a theme of emotional ache, which points to sadness."
Gemma,"Dentro de HASHTAG hay una Virgen de Guadalupe, ayer mi madre le decía a esa virgen que apagará el incendio. Yo recordaba nuestra foto ahí. Sentí una tristeza terrible.",sadness,sadness,tristeza terrible,The explicit use of the phrase 'tristeza terrible' (terrible sadness) directly states the core emotion felt by the narrator.
Gemma,"Una pena lo sucedido en París, hoy la humanidad está de luto. No tuve el privilegio de ir a HASHTAG pero esta foto en Zacatecas siento como si estuviera en HASHTAG  URL",sadness,sadness,"pena, luto, sentir como si","The words 'pena' (a shame/pity), 'luto' (mourning/grief), and the overall tone of feeling distant from an event ('siento como si estuviera en') indicate a profound sense of loss and sorrow."
Gemma,HASHTAG edithgonzalezmx1•  •  •  •  •Doloroso saber la tragedia que está sufriendo HASHTAG HASHTAG est tellement triste 🇫🇷♥️🇫🇷  URL,sadness,sadness,"Doloroso, tragedia, triste","The explicit use of 'Doloroso' (painful), 'tragedia' (tragedy), and 'triste' (sad) directly conveys a feeling of deep sorrow and pity."
Gemma,Terrible lo de HASHTAG Asi de terrible se siente visitar la catedral metropolitana en Mexico DF y ver que ésta fue construida con piedras del templo mayor azteca . Caminas por el zócalo y sientes que hay siglos d historia bajo tus pies. La pérdida de patrimonio siempre duele.,sadness,sadness,"Terrible lo de, pérdida de patrimonio siempre duele, duele","The text expresses deep regret and sorrow concerning the cultural and historical loss (pérdida de patrimonio), using words like 'terrible' and 'duele' to convey a sense of profound sadness about the deterioration or loss of heritage."
Gemma,"Muchachos, es lamentable lo que le pasó a la catedral de Notre Dame, sin embargo es un poco triste que nos afecte más que los incendios forestales en nuestros estados, ahí las pérdidas si nos afectan directamente y no son solo materiales HASHTAG",sadness,sadness,"lamentable, triste","The use of 'lamentable' (regrettable/sad) and 'triste' (sad) directly establishes a tone of sorrow or disappointment regarding the cathedral's fate, which is the primary focus of the initial concern."
Gemma,"La Academia Nacional de Historia y Geografía filial Querétaro lamenta profundamente las invaluables pérdidas históricas, arquitectónicas y culturales de la Catedral de HASHTAG en París en su devastador incendio. HASHTAG HASHTAG USER  URL",sadness,sadness,"lamenta profundamente, invaluables pérdidas, devastador incendio","The phrases 'lamenta profundamente' (deeply regrets/mourns), 'invaluables pérdidas' (invaluable losses), and 'devastador incendio' (devastating fire) all convey a strong tone of grief and sorrow over a destructive event."
Gemma,"Apenas hace 3 meses rezaba en la Capilla de la Virgen de Guadalupe en HASHTAG de HASHTAG. Hay pérdidas irreparables y esta es una de las más grandes que he visto. Encomendémonos a Ella para que nos cuide, guíe y proteja a pesar de las tristezas y penas. Instagram 📸 aregil  URL",sadness,sadness,"pérdidas irreparables, tristezas y penas","The phrases 'pérdidas irreparables' (irreparable losses) and 'tristezas y penas' (sadnesses and pains) explicitly convey a sense of profound grief and loss, fitting the emotion of sadness."
Gemma,"Decir que se está triste por lo de HASHTAG tal vez sea exagerado, pero el jugarle al desestimar que es algo trágico por quedar como interesante es patético, muestra falta absoluta de cultura y algo peor, demuestra que son los nuevos “únicos y diferentes” PENDEJOS.",sadness,anger,"exagerado, patético, falta absoluta de cultura, PENDEJOS","The text uses highly critical and derogatory language ('patético', 'falta absoluta de cultura', 'PENDEJOS') to condemn the perceived behavior of others, indicating strong anger and contempt."
Gemma,"HASHTAG  un chingo de mexicanos mamadores bien consternados hasta el llanto por la catedral, pero yo no leí tanto tuitero consternado por las 50 hectáreas de bosque consumido en el bosque de la primavera en jalisco.",sadness,disgust,"mamadores, consternados","The use of 'mamadores' is a strongly derogatory slang term implying contempt or worthlessness, suggesting the speaker feels disgust toward the subject group's perceived outrage ('consternados')."
Gemma,"Si saben que en SLP se han consumido mas 500 hectarias en los ultimos días?!!! Y tú ""mexicano"" mas triste y preocuado por la perdida de la catedral de HASHTAG, es lamentable si pero, es mas lamentable la perdida de las reservas naturales de nuestro México chingao!! 😭  URL",sadness,anger,"lamentable si pero, más lamentable, chingao, !!!!, 😭","The text uses rhetorical emphasis (!!!!), a direct confrontational tone, and explicitly contrasts a minor loss (catedral) with a massive loss (reservas naturales). The use of 'chingao' and the highly emphasized contrast creates a feeling of strong indignation and outrage regarding environmental destruction."
Gemma,No solamente en París llora y se lamenta la gente de la tragedia de HASHTAG. Estamos en México enormemente consternados y tristes. Un patrimonio de la humanidad inconmensurable. No tiene que ver con ninguna confesión religiosa. Lo que implica esta tragedia va más allá de todo,sadness,sadness,"llora, se lamenta, consternados, tristes","The text explicitly uses words like 'llora' (weep), 'se lamenta' (grieve/lament), 'consternados' (deeply distressed), and 'tristes' (sad), establishing a clear emotional tone of profound sadness regarding a tragedy."
Gemma,"O sea, si es lamentable el daño histórico y patrimonial del incendio de HASHTAG pero no deja de ser algo material, así se debería de entristecer por las guerras y las tragedias humanas que no cesan:(",sadness,sadness,"lamentable, entristecer, :(","The text discusses 'lamentable' historical damage and advises being 'entristecer' (sad) by ongoing human tragedies, directly indicating a tone of sadness and deep reflection."
Gemma,"USER Que pena, de verdad. Que miserables, asco rotundo... Por una HASHTAG",sadness,disgust,"pena, miserables, asco rotundo",The phrases 'Que pena' (which implies pity/disappointment) and the explicit use of 'asco rotundo' (utter disgust/revulsion) strongly indicate a feeling of revulsion or disgust toward the subjects being discussed.
Gemma,"USER Lamentablemente... pero esas bolas que les faltan al gobierno, las tiene el Pueblo de Mexico que apoya a los hermanos Venezolanos HASHTAG",sadness,joy,"bolas, Pueblo de Mexico, apoya a los hermanos Venezolanos","The tone is triumphant and spirited. The phrase 'esas bolas que les faltan al gobierno' (implying something lacking or needed) is used in a satirical, celebratory way, contrasting the government's failure with the strength and support of 'el Pueblo de Mexico' and the solidarity for Venezuelan 'hermanos,' suggesting a joyful sense of vindication or collective power."
Gemma,USER USER Que pena da este ¿Periódico?😏 HASHTAG HASHTAG,sadness,others,"Que pena da, ¿Periódico?, 😏","The phrase 'Que pena da' (which roughly means 'what a shame' or 'how regrettable') suggests mild disappointment or wry amusement, rather than a strong basic emotion. The question mark and the smirking emoji (😏) indicate a dismissive or teasing tone, making the overall emotion better classified as irony or amusement, which falls under 'others'."
Gemma,Increíblemente triste lo que está pasando en HASHTAG   Espero que encuentren la paz que tanto merecen. El pueblo unido hace la fuerza para el renacer de su país.  Animo desde México.  ❤️🇻🇪,sadness,sadness,"Increíblemente triste, paz, renacer","The phrase 'Increíblemente triste' directly states sadness, and the references to 'paz' (peace) and 'renacer' (rebirth) in the context of suffering suggest a deep melancholic empathy for a difficult situation."
Gemma,"Es cagado que se ofendan o se burlen de la gente por subir/""presumir"" una foto en Notre Dame para honrar su recuerdo. Se ven muy ardillas, la neta no tiene absolutamente nada de malo ridículos. HASHTAG HASHTAG HASHTAG",anger,anger,"Es cagado, se ofendan o se burlen, Se ven muy ardillas, ridículos","The language uses strongly dismissive and insulting slang ('cagado', 'ardillas', 'ridículos') to criticize the actions of others, indicating intense irritation and outrage."
Gemma,No entiendo por qué se molestan de que la gente ponga sus fotos en HASHTAG  a fin de cuentas es un recuerdo que ellos tienen de la catedral. Qué necesidad de hacer sentir mal a alguien por subir una simple foto. A veces me caen taaan mal.,anger,others,"se molestan, a fin de cuentas, taaan mal","The text expresses a frustration and exasperation regarding others' unnecessary complaints (se molestan) over a minor issue (a simple photo). The tone is one of weary annoyance and judgment, which falls under the general category of irritation or exasperation, fitting best under 'others'."
Gemma,"Odio odio odio que hagan memes de lo que está sucediendo en HASHTAG no es un juego, neta. Tengan tantito respeto. Sean tantito conscientes.",anger,anger,"Odio, Odio odio odio, neta, Tengan tantito respeto, Sean tantito conscientes","The repeated use of 'Odio' (I hate) and the sharp demands/pleas ('Tengan tantito respeto', 'Sean tantito conscientes') indicate strong frustration and annoyance, characteristic of anger."
Gemma,No visitan la parroquia de su pueblo y se ponen a llorar por HASHTAG. No mamar.,anger,disgust,"No mamar, llorar",The phrase 'No mamar' is strong vulgar slang that dismisses or mocks an emotional display (like crying). The combination of mocking tears with the explicit vulgarity indicates contempt or disgust for the perceived weakness or drama.
Gemma,"Ya vieron, por burlarse de D10S se les quemó su iglesia...  HASHTAG  URL",anger,anger,"burlarse, se les quemó, iglesia","The phrase 'burlarse de' (to mock) establishes a clear conflict, and 'se les quemó su iglesia' (their church burned) is presented as a punitive consequence, indicating retribution and strong negative emotion."
Gemma,"""Dejen de mamar con lo de la Catedral de HASHTAG""-Un pendejo que va cada año a la de San Juan de los Lagos.",anger,disgust,"mamar, pendejo","The use of 'mamar' (slang for joking/bothering) and 'pendejo' (insulting slang for fool/idiot) indicates a strong, dismissive contempt and revulsion towards the subject being discussed."
Gemma,Y estoy leyendo como un chingo de gente bien pinche reprimida con el tema HASHTAG,anger,disgust,"chino, pinche","The use of 'pinche' (an intensifier often used contemptuously) and 'chino' (used here as an exaggerated slang for 'mucho' or 'un montón') suggests a critical and dismissive tone, indicating revulsion or distaste for the perceived state of the people."
Gemma,"Ja los comentarios de Facebook sobre lo de HASHTAG, que el papa Francisco la mando a quemar!! Dios mío! Porque existen esas personas? Ja",disgust,disgust,"Ja, lo mando a quemar!!, Dios mío!","The combination of 'Ja' (mocking laugh) and the exclamation 'Dios mío!' (my God!) strongly conveys distaste and moral revulsion towards the described comments, which are seen as inappropriate or hateful."
Gemma,¿Cómo puede HASHTAG decir que no intervendrá en la situación de HASHTAG cuando HASHTAG es el más afectado por tal? ¿Qué tiene en la cabeza el presidente de México además de mierda?,anger,anger,"¿Cómo puede decir que no intervendrá?, más afectado por tal?, Qué tiene en la cabeza el presidente de México, mierda?","The text uses rhetorical questions expressing frustration and outrage, demanding action ('¿Cómo puede decir que no intervendrá?') and concluding with strong profanity ('mierda?') directed at a political figure, which are clear indicators of intense anger."
Gemma,USER ¡Ahora si que han perdido la cabezaFanáticos Obradoristas! Quieren ir a HASHTAG a matar inocentesPero que clase de tontos HASHTAG HASHTAG,disgust,anger,"perdido la cabeza, Fanáticos Obradoristas, matar inocentes, tontos","The speaker uses highly charged language and direct insults ('perdido la cabeza', 'Fanáticos Obradoristas', 'tontos') to express intense indignation and hostility towards a specific group, which is the core indicator of anger."
Gemma,Que angustia HASHTAG desde aquí enviando toda la buena energía para que terminemos de salir de este régimen.,sadness,sadness,"angustia, régimen","The use of 'angustia' (angst/distress) immediately sets a tone of sadness or distress. 'Salir de este régimen' suggests a struggle against a difficult, oppressive, or prolonged state, which evokes feelings of worry and unhappiness."
Gemma,"Pobre HASHTAG, tan lejos de Dios y tan cerca de los Estados Unidos",sadness,sadness,"Pobre, lejos de Dios","The use of 'Pobre' (Poor/pitiable) conveys a sense of pity or sympathy, often associated with regret or melancholy. The phrase 'tan lejos de Dios' implies spiritual separation or misfortune, contributing to a somber, sad tone."
Gemma,"Pobres, escuchando los “sinsentido” de un viejo mión, pendejo, limítrofe y de pilón apestoso... HASHTAG  USER  HASHTAG HASHTAG HASHTAG HASHTAG HASHTAG  URL",others,disgust,"sinsentido, mión, pendejo, limítrofe, pilón apestoso","The speaker uses derogatory slang ('pendejo', 'limítrofe') and negative descriptors ('sinsentido', 'apestoso') to describe the old man's speech and presence, conveying strong contempt and revulsion."
Gemma,"LO QUIERO TODO! Y que pasa si una de esas cosas es vivir en una HASHTAG LIBRE 💗 Si mía, tuya y de todos, que pasa si quiero que esta país no sea de unos delincuentes? Hoy no es tiempo de tristeza, de terror ni pesimismo, es tiempo de que pidas lo tuyo y salgas por ello, y  URL",anger,joy,"LO QUIERO TODO!, LIBRE, 💗, es tiempo de que pidas lo tuyo y salgas por ello","The use of exclamation points, the all-caps 'LO QUIERO TODO!', the heart emoji (💗), and the decisive, proactive tone ('salgas por ello') convey a strong sense of positive energy, determination, and optimism, which aligns with joy."
Gemma,"Como así, ahora por la mañana era tendencia HASHTAG y ahora que? ya paso todo? era jodiendo? o todo era una broma?",others,sadness,"ya paso todo?, era jodiendo?, broma?","The question 'ya paso todo?' (has everything passed?) combined with 'era jodiendo?' (was it kidding/mocking?) suggests a feeling of loss, disillusionment, or disappointment that something enjoyable/important was temporary or artificial, leading to a melancholic tone."
Gemma,HASHTAG🇲🇽 expresó preocupación por posible escalada de violencia y derramamiento de sangre en HASHTAG🇻🇪  URL,others,others,"preocupación, escalada de violencia, derramamiento de sangre","The text expresses general concern (preocupación) about potential violence and bloodshed, indicating a serious geopolitical worry rather than a strong, discrete personal emotion like fear or sadness."
Gemma,USER Oye USER  no te atreves a dar opinión sobre HASHTAG vergüenza de candidata eres.,anger,anger,"Oye, no te atreves, vergüenza, eres","The phrase 'Oye no te atreves' is an aggressive challenge, and 'vergüenza' (shame) used as an accusation, along with the confrontational tone, indicates intense anger and accusation."
Gemma,USER Por lo menos ya hay uno los  mal llamados ' líderes ' muy acomodado en la embajada de Chile!! Ma' bueno que es así!! Y los pendejos aguantando candela en las de HASHTAG  pa' ponerlos a ellos a vivir cómodos,anger,joy,"Ma' bueno que es así!!, pendejos, candela",The overall tone is highly mocking and triumphant ('Ma' bueno que es así!!'). The use of derogatory terms ('pendejos') and the reference to a situation where the writer believes they are winning or seeing a desired outcome ('candela' in a negative/mocking context) suggests satisfaction and amusement at the perceived misfortune of others.
Gemma,Ves ésto y no se te puede salir nada más que un: QUÉ MALDITO. HASHTAG HASHTAG HASHTAG HASHTAG  URL,surprise,anger,QUÉ MALDITO,"The interjection 'QUÉ MALDITO' is a strong expletive and curse, directly expressing extreme frustration and anger in a highly colloquial Spanish manner."
Gemma,"""Les pasaron la tanqueta por encima, lo reventaron por dentro"": Desgarrador testimonio de un manifestante desde Altamira .. HASHTAG USER HASHTAG HASHTAG HASHTAG…  URL",others,others,"tanqueta, reventaron, Desgarrador testimonio, manifestante","The language describes violence and trauma ('tanqueta', 'reventaron'), indicating suffering or anguish. However, the tone is expository (reporting a testimony) rather than personally expressing a core emotion like fear or sadness, making 'others' the most accurate classification."
Gemma,El gobierno mexicano es un ASCO!  USER vs HASHTAG y USER  URL,disgust,disgust,"ASCO, vs y","The word 'ASCO' is a strong term of visceral repulsion, directly expressing revulsion. The combination with the exclamation mark and the 'vs y' suggests an aggressive, contemptuous rejection of the government."
Gemma,"USER USER En Mexico van a comer tacos de perro, y no van a alcanzar para todos. Aprovecha y copia las recetas de HASHTAG y HASHTAG antes de que caigan. Perro comunista! jaja",disgust,others,"tacos de perro, Perro comunista, jaja","The text uses playful insults ('tacos de perro', 'Perro comunista!') and a joking tone ('jaja'), indicating a mix of humor, political satire, and mischief, which doesn't fit neatly into the core negative or positive emotions listed."
Gemma,"HASHTAG ha apoyado a HASHTAG en su intento de eliminar HASHTAG cuyo régimen está respaldado por HASHTAG, HASHTAG, HASHTAG y uno que otro pendejo mexicano como USER, HASHTAG",anger,anger,"pendejo, eliminar","The use of the derogatory slang 'pendejo' (fool/idiot) and the phrase 'intento de eliminar' (attempt to eliminate) strongly convey aggression and strong negative sentiment, indicating anger."
Gemma,USER Vas a caer pinche dictador de mierda HASHTAG,anger,anger,"pinche, dictador de mierda",The use of 'pinche' (a derogatory intensifier) and the extremely offensive phrase 'dictador de mierda' (shit dictator) indicate strong verbal aggression and hostility.
Gemma,"Que brutalidad de capítulo, que brutalidad HASHTAG HASHTAG HASHTAG",surprise,others,brutalidad,"The phrase 'Que brutalidad' (What brutality) expresses intense emotional reaction to something described as 'brutal.' While it conveys strong negative feelings, it lacks a specific core emotion like anger, fear, or sadness, making 'others' the most accurate classification."
Gemma,Despues de ver este capitulo puedo asegurar que es la mejor serie de la puta historia HASHTAG HASHTAG,joy,joy,"mejor serie, puta historia",The speaker uses hyperbole ('puta historia' - emphasizing 'fucking') coupled with a strong positive superlative ('mejor serie') to express extreme enthusiasm and delight about the show.
Gemma,Las repetí y no lloré... Definitivamente soy una perra sin corazón! 😎 USER USER HASHTAG HASHTAG HASHTAG HASHTAG HASHTAG HASHTAG HASHTAG,others,disgust,"perra sin corazón, !","The statement 'Definitivamente soy una perra sin corazón!' is self-deprecating language intended to express contempt or disdain for a perceived lack of emotional sensitivity (calling oneself a 'heartless bitch'), which strongly aligns with disgust or self-disgust."
Gemma,He evitado durante todo el día las redes sociales para evitar spoilers de HASHTAG y ha merecido cada maldito segundo de espera.,joy,joy,"merecido, maldito","The phrases 'ha merecido cada maldito segundo de espera' convey a sense of triumphant satisfaction and high anticipation realized, which is a strong indicator of joy or happiness."
Gemma,Cuando te das cuenta que el rey de la noche es el típico pendejo que no se avienta un tiro solo y siempre se esconde tras sus compas... HASHTAG HASHTAG HASHTAG  URL,others,disgust,"pendejo, no se avienta un tiro, se esconde tras sus compas",The use of 'pendejo' (derogatory term) and the critique that the subject is cowardly and reliant on others ('se esconde tras sus compas') conveys a sense of contempt and deep dislike.
Gemma,Gracias a tooooodas las personas que me dijeron que viera juego de tronos. Jodidamente espectacular y aun quedan capítulos...  USER HASHTAG,joy,joy,"Gracias, jodidamente espectacular",The use of 'Gracias' (thanks) combined with the enthusiastic superlative 'jodidamente espectacular' (fucking spectacular) indicates a strong feeling of pleasure and appreciation for the experience (watching the show).
Gemma,Intentando entender lo que pasa en el episodio porque no se ve una mierda.  HASHTAG HASHTAG HASHTAG  URL,others,disgust,mierda,"The use of the vulgar slang 'mierda' (shit) indicates strong contempt or dissatisfaction with the quality of the content ('lo que pasa en el episodio'), suggesting emotional disgust."
Gemma,Yo borrando tweets  porque no se si son spoilers o no de HASHTAG y no quiero joder a nadie...  URL,others,sadness,"borrando tweets, no quiero joder a nadie, no se si","The act of 'borrando tweets' (deleting tweets) coupled with the uncertainty ('no se si') and the protective phrasing ('no quiero joder a nadie' - meaning 'I don't want to mess up/ruin things for anyone') suggests a reluctance, caution, or mild regret, pointing towards a wistful or sad feeling rather than anger or fear."
Gemma,"Eso sí creo que, en justicia, debería de haber sido HASHTAG quien matara al Rey de la Noche, no HASHTAG. Al final ha sido ella la “princesa prometida”. Aunque la adoro y es una auténtica BADASS. HASHTAG HASHTAG HASHTAG",others,others,"en justicia, princesa prometida, BADASS","The tone is highly critical and judgmental ('en justicia', 'princesa prometida'), suggesting resentment or disappointment, but the use of 'adoro' and 'BADASS' introduces praise and affection. The mix of judgment, criticism, and affection makes the emotion complex and best classified as 'others' (e.g., conflicted feelings or cynicism)."
Gemma,"Creo que el nuevo capítulo de GoT representa muy MUY bien lo esencial que son las mujeres en los peores momentos, sin ellas (especialmente sin las pequeñas 😢) estarían todos muy MUY jodidos. HASHTAG HASHTAG HASHTAG HASHTAG",joy,others,"muy MUY jodidos, pequeñas, 😢","The text is praising the resilience and essential role of women (joy/admiration), but uses strong, colloquial profanity ('jodidos') and an emoji (😢) to temper the praise, giving it a mix of appreciation and casual, dramatic intensity (others)."
Gemma,Lo mas brutal que he podido ver en la tele en mi vida 8x03 viva!!! HASHTAG HASHTAG HASHTAG 🤭🤭🤭,surprise,joy,"Lo mas brutal, viva!!!, 🤭🤭🤭",The exclamation 'viva!!!' (long live) combined with 'Lo mas brutal' (the most brutal/awesome) and the use of laughing/giggling emojis ('🤭🤭🤭') strongly indicates excited delight and celebration.
Gemma,USER Muy bien por el planteamiento vs tigres y que chingue a su madre el Tuca. HASHTAG HASHTAG HASHTAG HASHTAG HASHTAG HASHTAG,others,anger,"chingue a su madre, Tuca",The phrase 'chingue a su madre' is an extreme curse (a vulgar epithet) and 'Tuca' (referencing a sports team or rival) in this aggressive context indicates strong hostility and rage directed at the opponent.
Gemma,"Me cagan los putos del USER, de favor pasen a chingar a su madre. HASHTAG",anger,anger,"Me cagan, putos, chingar a su madre","The phrase uses strong vulgar slang ('putos', 'Me cagan') and directly curses another party ('chingar a su madre'), which are universally indicators of extreme anger and frustration."
Gemma,Menudo asco de persona Luis Suárez. Da igual cuando leas esto HASHTAG,disgust,disgust,asco,The word 'asco' directly translates to 'disgust' or 'disgusting smell/sight' and is used here to express strong revulsion towards the person mentioned.
Gemma,Puro pendejo ve la HASHTAG por Fox..,others,anger,"Puro pendejo, ve la","The phrase 'Puro pendejo' is a derogatory insult, indicating strong negative emotion (anger/disgust). The structure suggests aggressive taunting or judgment."
Gemma,que primer tiempo tan mas hijo de la chingada horrible. HASHTAG,anger,disgust,"hijo de la chingada, horrible","The phrase 'hijo de la chingada' is a highly vulgar and strong intensifier in Mexican Spanish, coupled with 'horrible', indicating extreme revulsion or contempt for the quality of the first half of the game."
Gemma,ES QUE ES EL PUTO AMO DE LA VIDA!!!!! 🐐🐐🐐🐐🐐🐐🐐🐐 HASHTAG HASHTAG HASHTAG HASHTAG 🔵🔴🔵🔴🔵🔴  URL,others,joy,"PUTO AMO DE LA VIDA, 🐐, 🔵🔴🔵🔴🔵🔴","The use of all-caps exclamation ('ES QUE ES...'), the hyperbolic praise ('AMO DE LA VIDA'), and the celebratory emojis (goat and team colors) strongly indicate intense enthusiasm and happiness."
Gemma,"HASHTAG Ya está la llorona apastar hablando, aprovechar para ir al baño a 💩...... V💩X",others,disgust,"llorona, apastar, 💩, V💩X","The phrase 'llorona apastar' suggests a dismissive, contemptuous rejection of someone's tears/complaint. The explicit and crude nature of the excrement emojis and the vulgar sign-off 'V💩X' strongly convey extreme disgust and contempt."
Gemma,USER ese lagartija infrahumana del HASHTAG no le interesan los humanos!.. HASHTAG lávate bien las manos,anger,disgust,"lagartija, infrahumana, lávate bien las manos","The terms 'lagartija' and 'infrahumana' are highly derogatory and dehumanizing insults, while the command 'lávate bien las manos' (wash your hands thoroughly) implies contamination or impurity, all pointing to visceral repulsion or distaste."
Gemma,USER Vete a la chingada!!! primero preocúpate de tu país!!! deja de estar de mamador opinando de HASHTAG,anger,anger,"Vete a la chingada, mamador","The use of aggressive vulgar phrases like 'Vete a la chingada' and the derogatory term 'mamador' indicate strong hostility, confrontational language, and intense frustration."
Gemma,Y se ríe el cabrón. JAJAJAJAJA ME MEO HASHTAG HASHTAG,joy,others,"cabrón, meo","The combination of 'se ríe el cabrón' (literally 'the bastard laughs') and the subsequent use of 'meo' (slang for defecating) suggests a highly vulgar, aggressive, and dismissive tone, which fits 'others' (specifically, contempt/disdain) rather than a pure primary emotion like anger or disgust."
Gemma,Mira lo de juego de tronos es sobre natura HASHTAG,surprise,others,"lo de juego de tronos, es sobre natura","The text is a declarative, somewhat incomplete statement making an observation or equating one thing to another ('it's about nature'). The phrasing and slang are too minimal to determine a strong emotional state like joy or fear; it reads more like casual commentary or contemplation, which falls under 'others'."
Gemma,"En serio gente tan pendeja que se ha burlado de lo que pasó en HASHTAG  en que momento Twitter se invadió de tanto animal de gente tan idiota, estúpida si la catedral es algo material si, pero tenía un valor de años algo que difícil para tarados será de entender HASHTAG",anger,anger,"pendeja, animal, idiota, estúpida, tarados","The frequent use of derogatory slang and insults ('pendeja', 'idiota', 'estúpida', 'tarados') directed at 'gente' (people) indicates strong frustration and outrage."
Gemma,HASHTAG que asco tener sangre española después de ver lo mediocre que son los gachupines....,anger,disgust,"asco, mediocre, gachupines","The use of 'asco' (disgust) directly states the feeling, and the derogatory terms 'mediocre' and 'gachupines' (a pejorative term for certain social classes/people) are used to express contempt and revulsion."
Gemma,"Manda huevos que se haya tenido tanto miedo a USER y nada a los asesinos,  terroristas y  separatistas     HASHTAG",anger,anger,"manda huevos, miedo","The phrase 'Manda huevos' is a strong, vulgar interjection indicating disbelief, frustration, or annoyance, which, combined with the highly critical and accusatory tone regarding the fear shown towards specific groups ('asesinos, terroristas y separatistas'), points strongly to anger and indignation."
Gemma,Maldito Memín Pinguín! Era el 4 a 0 maldito idiota! HASHTAG HASHTAG HASHTAG,anger,anger,"Maldito, idiota",The use of 'Maldito' (cursed/damn) and the direct insult 'idiota' (idiot) indicate strong frustration and rage directed at Memín Pinguín.
Gemma,"Dembele es un imbécil, neta es increíble lo pendejo que está. HASHTAG HASHTAG",anger,anger,"imbécil, neta, pendejo","The use of strong insults like 'imbécil' and 'pendejo', combined with the intensifier 'neta' (truly/for real), indicates clear frustration and aggressive disapproval."
